where,url,scheme,domain,path,placeholder
IT-SHARED/60_BUNDLES/BUNDLE_KP_NetworkMaster_V1.md,http://[IP,,,,True
IT-SHARED/60_BUNDLES/BUNDLE_SUPPORT_Print_Diag_V1.md,http://[IP_ACTUELLE,,,,True
20_Agents/IT-NetworkMaster/IT-NetworkMaster_prompt.md,http://[IP_CONTROLEUR,,,,True
20_Agents/IT-NetworkMaster/prompt.md,http://[IP_CONTROLEUR,,,,True
IT-SHARED/10_RUNBOOKS/INFRA/INFRA__RUNBOOK__Unifi_Mikrotik_Operations_V1.md,http://[IP_CONTROLEUR,,,,True
IT-SHARED/30_SCRIPTS/LIBRARY_BASH_Bash-Snippets_V1.md,http://[IP_CONTROLEUR,,,,True
IT-SHARED/30_SCRIPTS/LIBRARY__Bash_Snippets.md,http://[IP_CONTROLEUR,,,,True
IT-SHARED/60_BUNDLES/BUNDLE_INFRA_FIREWALL.md,http://[IP_CONTROLEUR,,,,True
IT-SHARED/60_BUNDLES/BUNDLE_KP_NetworkMaster_V1.md,http://[IP_CONTROLEUR,,,,True
IT-SHARED/60_BUNDLES/BUNDLE_RUNBOOK_INFRA_Firewall-VPN_V1.md,http://[IP_CONTROLEUR,,,,True
IT-SHARED/60_BUNDLES/BUNDLE__INFRA_Firewall.md,http://[IP_CONTROLEUR,,,,True
IT-SHARED/10_RUNBOOKS/SUPPORT/RUNBOOK__N2_Support_V1.md,http://[IP_IMPRIMANTE,,,,True
IT-SHARED/60_BUNDLES/BUNDLE_SUPPORT_N1_UserSupport_V1.md,http://[IP_IMPRIMANTE,,,,True
IT-SHARED/60_BUNDLES/BUNDLE_SUPPORT_Print_Diag_V1.md,http://[IP_IMPRIMANTE,,,,True
IT-SHARED/10_RUNBOOKS/INFRA/INFRA__RUNBOOK__Unifi_Mikrotik_Operations_V1.md,http://[IP_MIKROTIK,,,,True
IT-SHARED/60_BUNDLES/BUNDLE_INFRA_FIREWALL.md,http://[IP_MIKROTIK,,,,True
IT-SHARED/60_BUNDLES/BUNDLE_RUNBOOK_INFRA_Firewall-VPN_V1.md,http://[IP_MIKROTIK,,,,True
IT-SHARED/60_BUNDLES/BUNDLE__INFRA_Firewall.md,http://[IP_MIKROTIK,,,,True
IT-SHARED/10_RUNBOOKS/MAINTENANCE/MAINT__RB__WSUS_Maintenance_V1.md,http://[SERVEUR_WSUS,,,,True
20_Agents/IT-NetworkMaster/IT-NetworkMaster_prompt.md,https://[IP,,,,True
20_Agents/IT-NetworkMaster/prompt.md,https://[IP,,,,True
IT-SHARED/60_BUNDLES/BUNDLE_KP_NetworkMaster_V1.md,https://[IP,,,,True
20_Agents/IT-NetworkMaster/IT-NetworkMaster_prompt.md,https://[IP_CONTROLEUR,,,,True
20_Agents/IT-NetworkMaster/prompt.md,https://[IP_CONTROLEUR,,,,True
IT-SHARED/10_RUNBOOKS/INFRA/INFRA__RUNBOOK__Unifi_Mikrotik_Operations_V1.md,https://[IP_CONTROLEUR,,,,True
IT-SHARED/60_BUNDLES/BUNDLE_INFRA_FIREWALL.md,https://[IP_CONTROLEUR,,,,True
IT-SHARED/60_BUNDLES/BUNDLE_KP_NetworkMaster_V1.md,https://[IP_CONTROLEUR,,,,True
IT-SHARED/60_BUNDLES/BUNDLE_RUNBOOK_INFRA_Firewall-VPN_V1.md,https://[IP_CONTROLEUR,,,,True
IT-SHARED/60_BUNDLES/BUNDLE__INFRA_Firewall.md,https://[IP_CONTROLEUR,,,,True
IT-SHARED/10_RUNBOOKS/NOC/NOC__RUNBOOK__Datto_Operations_V1.md,https://[IP_DATTO,,,,True
IT-SHARED/60_BUNDLES/BUNDLE_RUNBOOK_BACKUP_Datto-Keepit-DR_V1.md,https://[IP_DATTO,,,,True
IT-SHARED/60_BUNDLES/BUNDLE_KP_NetworkMaster_V1.md,https://[IP_FIREBOX,,,,True
IT-SHARED/10_RUNBOOKS/INFRA/INFRA__RUNBOOK__Fortinet_Operations_V1.md,https://[IP_FORTIGATE,,,,True
IT-SHARED/60_BUNDLES/BUNDLE_INFRA_FIREWALL.md,https://[IP_FORTIGATE,,,,True
IT-SHARED/60_BUNDLES/BUNDLE_RUNBOOK_INFRA_Firewall-VPN_V1.md,https://[IP_FORTIGATE,,,,True
IT-SHARED/60_BUNDLES/BUNDLE__INFRA_Firewall.md,https://[IP_FORTIGATE,,,,True
IT-SHARED/10_RUNBOOKS/INFRA/INFRA__RUNBOOK__WatchGuard_Operations_V1.md,https://[IP_Firebox,,,,True
IT-SHARED/60_BUNDLES/BUNDLE_INFRA_FIREWALL.md,https://[IP_Firebox,,,,True
IT-SHARED/60_BUNDLES/BUNDLE_RUNBOOK_INFRA_Firewall-VPN_V1.md,https://[IP_Firebox,,,,True
IT-SHARED/60_BUNDLES/BUNDLE__INFRA_Firewall.md,https://[IP_Firebox,,,,True
IT-SHARED/10_RUNBOOKS/INFRA/INFRA__RUNBOOK__SonicWall_Operations_V1.md,https://[IP_SONICWALL,,,,True
IT-SHARED/60_BUNDLES/BUNDLE_INFRA_FIREWALL.md,https://[IP_SONICWALL,,,,True
IT-SHARED/60_BUNDLES/BUNDLE_RUNBOOK_INFRA_Firewall-VPN_V1.md,https://[IP_SONICWALL,,,,True
IT-SHARED/60_BUNDLES/BUNDLE__INFRA_Firewall.md,https://[IP_SONICWALL,,,,True
20_Agents/IT-SysAdmin/02_RUNBOOKS/BUNDLE_INFRA_VIRTUALISATION.md,https://[IP_XO,,,,True
IT-SHARED/10_RUNBOOKS/INFRA/INFRA__RUNBOOK__Vates_XCPng_Operations_V1.md,https://[IP_XO,,,,True
IT-SHARED/60_BUNDLES/BUNDLE_INFRA_VIRTUALISATION.md,https://[IP_XO,,,,True
IT-SHARED/60_BUNDLES/BUNDLE_RUNBOOK_INFRA_Hyperviseurs_V1.md,https://[IP_XO,,,,True
IT-SHARED/10_RUNBOOKS/MAINTENANCE/MAINT__RB__WSUS_Maintenance_V1.md,https://[SERVEUR_WSUS,,,,True
IT-SHARED/10_RUNBOOKS/SUPPORT/SUPPORT__RUNBOOK__VPN_Client_Troubleshooting_V1.md,https://[SONICWALL,,,,True
IT-SHARED/60_BUNDLES/BUNDLE_RUNBOOK_INFRA_Firewall-VPN_V1.md,https://[SONICWALL,,,,True
IT-SHARED/10_RUNBOOKS/NOC/NOC__RUNBOOK__Veeam_Cloud_Operations_V1.md,https://[URL_VSPC,,,,True
IT-SHARED/60_BUNDLES/BUNDLE_RUNBOOK_BACKUP_Veeam-Operations_V1.md,https://[URL_VSPC,,,,True
IT-SHARED/60_BUNDLES/BUNDLE_KP_VoIPMaster_V1.md,https://[ip,,,,True
IT-SHARED/10_RUNBOOKS/NOC/NOC__RUNBOOK__NAble_RMM_Operations_V1.md,https://[serveur-ncentral,,,,True
IT-SHARED/60_BUNDLES/BUNDLE_RUNBOOK_NOC_RMM-Monitoring_V1.md,https://[serveur-ncentral,,,,True
IT-SHARED/10_RUNBOOKS/INFRA/INFRA__RUNBOOK__M365_Teams_SharePoint_OneDrive_V1.md,https://[tenant,,,,True
IT-SHARED/60_BUNDLES/BUNDLE_INFRA_365.md,https://[tenant,,,,True
IT-SHARED/60_BUNDLES/BUNDLE_RUNBOOK_INFRA_M365_V1.md,https://[tenant,,,,True
IT-SHARED/10_RUNBOOKS/NOC/NOC__RUNBOOK__CWRMM_Auvik_Operations_V1.md,https://[votre-domaine,,,,True
IT-SHARED/10_RUNBOOKS/NOC/NOC__RUNBOOK__Datto_Operations_V1.md,https://[votre-domaine,,,,True
IT-SHARED/10_RUNBOOKS/NOC/NOC__RUNBOOK__NAble_RMM_Operations_V1.md,https://[votre-domaine,,,,True
IT-SHARED/60_BUNDLES/BUNDLE_RUNBOOK_BACKUP_Datto-Keepit-DR_V1.md,https://[votre-domaine,,,,True
IT-SHARED/60_BUNDLES/BUNDLE_RUNBOOK_NOC_RMM-Monitoring_V1.md,https://[votre-domaine,,,,True
IT-SHARED/10_RUNBOOKS/NOC/NOC__RUNBOOK__CWRMM_Auvik_Operations_V1.md,https://[votre-serveur,,,,True
IT-SHARED/60_BUNDLES/BUNDLE_RUNBOOK_NOC_RMM-Monitoring_V1.md,https://[votre-serveur,,,,True
20_Agents/IT-SysAdmin/05_KNOWLEDGE/RUNBOOK__Windows_Patching.md,"https://$Server/healthcheck""",https,$server,"/healthcheck""",True
IT-SHARED/10_RUNBOOKS/MAINTENANCE/99_ARCHIVE/MAINT_RB_Windows_Patching.md,"https://$Server/healthcheck""",https,$server,"/healthcheck""",True
IT-SHARED/10_RUNBOOKS/MAINTENANCE/99_ARCHIVE/RUNBOOK__Windows_Patching.md,"https://$Server/healthcheck""",https,$server,"/healthcheck""",True
IT-SHARED/10_RUNBOOKS/MAINTENANCE/MAINT_RB_Windows_Patching.md,"https://$Server/healthcheck""",https,$server,"/healthcheck""",True
IT-SHARED/10_RUNBOOKS/RUNBOOK_MASTER__IT_v1.md,"https://$Server/healthcheck""",https,$server,"/healthcheck""",True
IT-SHARED/60_BUNDLES/BUNDLE_RUNBOOKS_IT_INFRA.md,"https://$Server/healthcheck""",https,$server,"/healthcheck""",True
IT-SHARED/60_BUNDLES/BUNDLE_RUNBOOK_MAINTENANCE_Patching-Windows_V1.md,"https://$Server/healthcheck""",https,$server,"/healthcheck""",True
IT-SHARED/50_REFERENCE/REFERENCE_LIBRARY__IT_MASTER_v1.md,http://<PROXY_HOST,http,<proxy_host,,True
IT-SHARED/50_REFERENCE/REFERENCE__Common_Cloud_Commands.md,http://<PROXY_HOST,http,<proxy_host,,True
IT-SHARED/50_REFERENCE/REF__REFERENCE_INFRA_Common-Cloud-Commands_V1.md,http://<PROXY_HOST,http,<proxy_host,,True
IT-SHARED/50_REFERENCE/REF__REFERENCE_MASTER_Library-IT_V1.md,http://<PROXY_HOST,http,<proxy_host,,True
20_Agents/IT-CloudMaster/knowledge/REFERENCE__Cloud_Admin_Portals.md,https://aad.portal.azure.com,https,aad.portal.azure.com,,False
IT-SHARED/50_REFERENCE/REFERENCE_LIBRARY__IT_MASTER_v1.md,https://aad.portal.azure.com,https,aad.portal.azure.com,,False
IT-SHARED/50_REFERENCE/REFERENCE__Cloud_Admin_Portals.md,https://aad.portal.azure.com,https,aad.portal.azure.com,,False
IT-SHARED/50_REFERENCE/REF__REFERENCE_INFRA_Cloud-Admin-Portals_V1.md,https://aad.portal.azure.com,https,aad.portal.azure.com,,False
IT-SHARED/50_REFERENCE/REF__REFERENCE_MASTER_Library-IT_V1.md,https://aad.portal.azure.com,https,aad.portal.azure.com,,False
20_Agents/IT-CloudMaster/knowledge/REFERENCE__Cloud_Admin_Portals.md,https://admin.exchange.microsoft.com,https,admin.exchange.microsoft.com,,False
20_Agents/IT-CloudMaster/knowledge/RUNBOOK__M365_User_Management.md,https://admin.exchange.microsoft.com,https,admin.exchange.microsoft.com,,False
IT-SHARED/10_RUNBOOKS/INFRA/INFRA__RUNBOOK__M365_Exchange_Online_V1.md,https://admin.exchange.microsoft.com,https,admin.exchange.microsoft.com,,False
IT-SHARED/10_RUNBOOKS/RUNBOOK_MASTER__IT_v1.md,https://admin.exchange.microsoft.com,https,admin.exchange.microsoft.com,,False
IT-SHARED/50_REFERENCE/REFERENCE_LIBRARY__IT_MASTER_v1.md,https://admin.exchange.microsoft.com,https,admin.exchange.microsoft.com,,False
IT-SHARED/50_REFERENCE/REFERENCE__Cloud_Admin_Portals.md,https://admin.exchange.microsoft.com,https,admin.exchange.microsoft.com,,False
IT-SHARED/50_REFERENCE/REF__REFERENCE_INFRA_Cloud-Admin-Portals_V1.md,https://admin.exchange.microsoft.com,https,admin.exchange.microsoft.com,,False
IT-SHARED/50_REFERENCE/REF__REFERENCE_MASTER_Library-IT_V1.md,https://admin.exchange.microsoft.com,https,admin.exchange.microsoft.com,,False
IT-SHARED/60_BUNDLES/BUNDLE_INFRA_365.md,https://admin.exchange.microsoft.com,https,admin.exchange.microsoft.com,,False
IT-SHARED/60_BUNDLES/BUNDLE_RUNBOOKS_IT_CLOUD.md,https://admin.exchange.microsoft.com,https,admin.exchange.microsoft.com,,False
IT-SHARED/60_BUNDLES/BUNDLE_RUNBOOK_INFRA_M365_V1.md,https://admin.exchange.microsoft.com,https,admin.exchange.microsoft.com,,False
20_Agents/IT-CloudMaster/knowledge/REFERENCE__Cloud_Admin_Portals.md,https://admin.google.com,https,admin.google.com,,False
IT-SHARED/50_REFERENCE/REFERENCE_LIBRARY__IT_MASTER_v1.md,https://admin.google.com,https,admin.google.com,,False
IT-SHARED/50_REFERENCE/REFERENCE__Cloud_Admin_Portals.md,https://admin.google.com,https,admin.google.com,,False
IT-SHARED/50_REFERENCE/REF__REFERENCE_INFRA_Cloud-Admin-Portals_V1.md,https://admin.google.com,https,admin.google.com,,False
IT-SHARED/50_REFERENCE/REF__REFERENCE_MASTER_Library-IT_V1.md,https://admin.google.com,https,admin.google.com,,False
IT-SHARED/60_BUNDLES/BUNDLE_INFRA_CLOUD_GCP_GoogleWorkspace_V1.md,https://admin.google.com,https,admin.google.com,,False
20_Agents/IT-CloudMaster/knowledge/REFERENCE__Cloud_Admin_Portals.md,https://admin.microsoft.com,https,admin.microsoft.com,,False
20_Agents/IT-CloudMaster/knowledge/RUNBOOK__M365_User_Management.md,https://admin.microsoft.com,https,admin.microsoft.com,,False
IT-SHARED/10_RUNBOOKS/INFRA/INFRA__RUNBOOK__EntraID_Operations_V1.md,https://admin.microsoft.com,https,admin.microsoft.com,,False
IT-SHARED/10_RUNBOOKS/INFRA/INFRA__RUNBOOK__M365_Exchange_Online_V1.md,https://admin.microsoft.com,https,admin.microsoft.com,,False
IT-SHARED/10_RUNBOOKS/RUNBOOK_MASTER__IT_v1.md,https://admin.microsoft.com,https,admin.microsoft.com,,False
IT-SHARED/10_RUNBOOKS/SUPPORT/RUNBOOK__N2_Support_V1.md,https://admin.microsoft.com,https,admin.microsoft.com,,False
IT-SHARED/50_REFERENCE/REFERENCE_LIBRARY__IT_MASTER_v1.md,https://admin.microsoft.com,https,admin.microsoft.com,,False
IT-SHARED/50_REFERENCE/REFERENCE__Cloud_Admin_Portals.md,https://admin.microsoft.com,https,admin.microsoft.com,,False
IT-SHARED/50_REFERENCE/REF__REFERENCE_INFRA_Cloud-Admin-Portals_V1.md,https://admin.microsoft.com,https,admin.microsoft.com,,False
IT-SHARED/50_REFERENCE/REF__REFERENCE_MASTER_Library-IT_V1.md,https://admin.microsoft.com,https,admin.microsoft.com,,False
IT-SHARED/60_BUNDLES/BUNDLE_INFRA_365.md,https://admin.microsoft.com,https,admin.microsoft.com,,False
IT-SHARED/60_BUNDLES/BUNDLE_RUNBOOKS_IT_CLOUD.md,https://admin.microsoft.com,https,admin.microsoft.com,,False
IT-SHARED/60_BUNDLES/BUNDLE_RUNBOOK_INFRA_M365_V1.md,https://admin.microsoft.com,https,admin.microsoft.com,,False
IT-SHARED/60_BUNDLES/BUNDLE_SUPPORT_N1_UserSupport_V1.md,https://admin.microsoft.com,https,admin.microsoft.com,,False
20_Agents/IT-CloudMaster/knowledge/REFERENCE__Cloud_Admin_Portals.md,https://admin.onedrive.com,https,admin.onedrive.com,,False
IT-SHARED/50_REFERENCE/REFERENCE_LIBRARY__IT_MASTER_v1.md,https://admin.onedrive.com,https,admin.onedrive.com,,False
IT-SHARED/50_REFERENCE/REFERENCE__Cloud_Admin_Portals.md,https://admin.onedrive.com,https,admin.onedrive.com,,False
IT-SHARED/50_REFERENCE/REF__REFERENCE_INFRA_Cloud-Admin-Portals_V1.md,https://admin.onedrive.com,https,admin.onedrive.com,,False
IT-SHARED/50_REFERENCE/REF__REFERENCE_MASTER_Library-IT_V1.md,https://admin.onedrive.com,https,admin.onedrive.com,,False
20_Agents/IT-CloudMaster/knowledge/REFERENCE__Cloud_Admin_Portals.md,https://admin.teams.microsoft.com,https,admin.teams.microsoft.com,,False
IT-SHARED/50_REFERENCE/REFERENCE_LIBRARY__IT_MASTER_v1.md,https://admin.teams.microsoft.com,https,admin.teams.microsoft.com,,False
IT-SHARED/50_REFERENCE/REFERENCE__Cloud_Admin_Portals.md,https://admin.teams.microsoft.com,https,admin.teams.microsoft.com,,False
IT-SHARED/50_REFERENCE/REF__REFERENCE_INFRA_Cloud-Admin-Portals_V1.md,https://admin.teams.microsoft.com,https,admin.teams.microsoft.com,,False
IT-SHARED/50_REFERENCE/REF__REFERENCE_MASTER_Library-IT_V1.md,https://admin.teams.microsoft.com,https,admin.teams.microsoft.com,,False
20_Agents/IT-CloudMaster/knowledge/REFERENCE__Cloud_Admin_Portals.md,https://aka.ms/InstallAzureCLIDeb,https,aka.ms,/InstallAzureCLIDeb,False
IT-SHARED/50_REFERENCE/REFERENCE_LIBRARY__IT_MASTER_v1.md,https://aka.ms/InstallAzureCLIDeb,https,aka.ms,/InstallAzureCLIDeb,False
IT-SHARED/50_REFERENCE/REFERENCE__Cloud_Admin_Portals.md,https://aka.ms/InstallAzureCLIDeb,https,aka.ms,/InstallAzureCLIDeb,False
IT-SHARED/50_REFERENCE/REF__REFERENCE_INFRA_Cloud-Admin-Portals_V1.md,https://aka.ms/InstallAzureCLIDeb,https,aka.ms,/InstallAzureCLIDeb,False
IT-SHARED/50_REFERENCE/REF__REFERENCE_MASTER_Library-IT_V1.md,https://aka.ms/InstallAzureCLIDeb,https,aka.ms,/InstallAzureCLIDeb,False
IT-SHARED/60_BUNDLES/BUNDLE_NOC_SOC_SIEM_V1.md,"https://api.securitycenter.microsoft.com/api/machines/$machineId/collectInvestigationPackage""",https,api.securitycenter.microsoft.com,"/api/machines/$machineId/collectInvestigationPackage""",True
IT-SHARED/60_BUNDLES/BUNDLE_NOC_SOC_SIEM_V1.md,"https://api.securitycenter.microsoft.com/api/machines/$machineId/isolate""",https,api.securitycenter.microsoft.com,"/api/machines/$machineId/isolate""",True
IT-SHARED/60_BUNDLES/BUNDLE_NOC_SOC_SIEM_V1.md,"https://api.securitycenter.microsoft.com/api/machines/$machineId/runAntiVirusScan""",https,api.securitycenter.microsoft.com,"/api/machines/$machineId/runAntiVirusScan""",True
IT-SHARED/10_RUNBOOKS/NOC/NOC__RUNBOOK__Keepit_Operations_V1.md,https://app.keepit.com,https,app.keepit.com,,False
IT-SHARED/60_BUNDLES/BUNDLE_RUNBOOK_BACKUP_Datto-Keepit-DR_V1.md,https://app.keepit.com,https,app.keepit.com,,False
IT-SHARED/10_RUNBOOKS/NOC/NOC__RUNBOOK__CWRMM_Auvik_Operations_V1.md,https://command.connectwise.com,https,command.connectwise.com,,False
IT-SHARED/60_BUNDLES/BUNDLE_RUNBOOK_NOC_RMM-Monitoring_V1.md,https://command.connectwise.com,https,command.connectwise.com,,False
IT-SHARED/10_RUNBOOKS/RUNBOOK_MASTER__IT_v1.md,"https://company.sharepoint.com/sites/IT-Department""",https,company.sharepoint.com,"/sites/IT-Department""",False
IT-SHARED/60_BUNDLES/BUNDLE_RUNBOOKS_IT_CLOUD.md,"https://company.sharepoint.com/sites/IT-Department""",https,company.sharepoint.com,"/sites/IT-Department""",False
20_Agents/IT-CloudMaster/knowledge/REFERENCE__Cloud_Admin_Portals.md,https://compliance.microsoft.com,https,compliance.microsoft.com,,False
IT-SHARED/10_RUNBOOKS/SECURITY/SECURITY__RUNBOOK__M365_Compliance_Purview_V1.md,https://compliance.microsoft.com,https,compliance.microsoft.com,,False
IT-SHARED/50_REFERENCE/REFERENCE_LIBRARY__IT_MASTER_v1.md,https://compliance.microsoft.com,https,compliance.microsoft.com,,False
IT-SHARED/50_REFERENCE/REFERENCE__Cloud_Admin_Portals.md,https://compliance.microsoft.com,https,compliance.microsoft.com,,False
IT-SHARED/50_REFERENCE/REF__REFERENCE_INFRA_Cloud-Admin-Portals_V1.md,https://compliance.microsoft.com,https,compliance.microsoft.com,,False
IT-SHARED/50_REFERENCE/REF__REFERENCE_MASTER_Library-IT_V1.md,https://compliance.microsoft.com,https,compliance.microsoft.com,,False
IT-SHARED/60_BUNDLES/BUNDLE_RUNBOOK_INFRA_M365_V1.md,https://compliance.microsoft.com,https,compliance.microsoft.com,,False
IT-SHARED/60_BUNDLES/BUNDLE_RUNBOOK_SECURITY_Incident-Response_V1.md,https://compliance.microsoft.com,https,compliance.microsoft.com,,False
20_Agents/IT-CloudMaster/knowledge/REFERENCE__Cloud_Admin_Portals.md,https://console.aws.amazon.com,https,console.aws.amazon.com,,False
IT-SHARED/50_REFERENCE/REFERENCE_LIBRARY__IT_MASTER_v1.md,https://console.aws.amazon.com,https,console.aws.amazon.com,,False
IT-SHARED/50_REFERENCE/REFERENCE__Cloud_Admin_Portals.md,https://console.aws.amazon.com,https,console.aws.amazon.com,,False
IT-SHARED/50_REFERENCE/REF__REFERENCE_INFRA_Cloud-Admin-Portals_V1.md,https://console.aws.amazon.com,https,console.aws.amazon.com,,False
IT-SHARED/50_REFERENCE/REF__REFERENCE_MASTER_Library-IT_V1.md,https://console.aws.amazon.com,https,console.aws.amazon.com,,False
IT-SHARED/60_BUNDLES/BUNDLE_INFRA_CLOUD_AWS_V1.md,https://console.aws.amazon.com,https,console.aws.amazon.com,,False
20_Agents/IT-CloudMaster/knowledge/REFERENCE__Cloud_Admin_Portals.md,https://console.aws.amazon.com/cloudwatch,https,console.aws.amazon.com,/cloudwatch,False
IT-SHARED/50_REFERENCE/REFERENCE_LIBRARY__IT_MASTER_v1.md,https://console.aws.amazon.com/cloudwatch,https,console.aws.amazon.com,/cloudwatch,False
IT-SHARED/50_REFERENCE/REFERENCE__Cloud_Admin_Portals.md,https://console.aws.amazon.com/cloudwatch,https,console.aws.amazon.com,/cloudwatch,False
IT-SHARED/50_REFERENCE/REF__REFERENCE_INFRA_Cloud-Admin-Portals_V1.md,https://console.aws.amazon.com/cloudwatch,https,console.aws.amazon.com,/cloudwatch,False
IT-SHARED/50_REFERENCE/REF__REFERENCE_MASTER_Library-IT_V1.md,https://console.aws.amazon.com/cloudwatch,https,console.aws.amazon.com,/cloudwatch,False
20_Agents/IT-CloudMaster/knowledge/REFERENCE__Cloud_Admin_Portals.md,https://console.aws.amazon.com/cost-management,https,console.aws.amazon.com,/cost-management,False
IT-SHARED/50_REFERENCE/REFERENCE_LIBRARY__IT_MASTER_v1.md,https://console.aws.amazon.com/cost-management,https,console.aws.amazon.com,/cost-management,False
IT-SHARED/50_REFERENCE/REFERENCE__Cloud_Admin_Portals.md,https://console.aws.amazon.com/cost-management,https,console.aws.amazon.com,/cost-management,False
IT-SHARED/50_REFERENCE/REF__REFERENCE_INFRA_Cloud-Admin-Portals_V1.md,https://console.aws.amazon.com/cost-management,https,console.aws.amazon.com,/cost-management,False
IT-SHARED/50_REFERENCE/REF__REFERENCE_MASTER_Library-IT_V1.md,https://console.aws.amazon.com/cost-management,https,console.aws.amazon.com,/cost-management,False
20_Agents/IT-CloudMaster/knowledge/REFERENCE__Cloud_Admin_Portals.md,https://console.aws.amazon.com/iam,https,console.aws.amazon.com,/iam,False
IT-SHARED/50_REFERENCE/REFERENCE_LIBRARY__IT_MASTER_v1.md,https://console.aws.amazon.com/iam,https,console.aws.amazon.com,/iam,False
IT-SHARED/50_REFERENCE/REFERENCE__Cloud_Admin_Portals.md,https://console.aws.amazon.com/iam,https,console.aws.amazon.com,/iam,False
IT-SHARED/50_REFERENCE/REF__REFERENCE_INFRA_Cloud-Admin-Portals_V1.md,https://console.aws.amazon.com/iam,https,console.aws.amazon.com,/iam,False
IT-SHARED/50_REFERENCE/REF__REFERENCE_MASTER_Library-IT_V1.md,https://console.aws.amazon.com/iam,https,console.aws.amazon.com,/iam,False
20_Agents/IT-CloudMaster/knowledge/REFERENCE__Cloud_Admin_Portals.md,https://console.aws.amazon.com/securityhub,https,console.aws.amazon.com,/securityhub,False
IT-SHARED/50_REFERENCE/REFERENCE_LIBRARY__IT_MASTER_v1.md,https://console.aws.amazon.com/securityhub,https,console.aws.amazon.com,/securityhub,False
IT-SHARED/50_REFERENCE/REFERENCE__Cloud_Admin_Portals.md,https://console.aws.amazon.com/securityhub,https,console.aws.amazon.com,/securityhub,False
IT-SHARED/50_REFERENCE/REF__REFERENCE_INFRA_Cloud-Admin-Portals_V1.md,https://console.aws.amazon.com/securityhub,https,console.aws.amazon.com,/securityhub,False
IT-SHARED/50_REFERENCE/REF__REFERENCE_MASTER_Library-IT_V1.md,https://console.aws.amazon.com/securityhub,https,console.aws.amazon.com,/securityhub,False
20_Agents/IT-CloudMaster/knowledge/REFERENCE__Cloud_Admin_Portals.md,https://console.cloud.google.com,https,console.cloud.google.com,,False
IT-SHARED/50_REFERENCE/REFERENCE_LIBRARY__IT_MASTER_v1.md,https://console.cloud.google.com,https,console.cloud.google.com,,False
IT-SHARED/50_REFERENCE/REFERENCE__Cloud_Admin_Portals.md,https://console.cloud.google.com,https,console.cloud.google.com,,False
IT-SHARED/50_REFERENCE/REF__REFERENCE_INFRA_Cloud-Admin-Portals_V1.md,https://console.cloud.google.com,https,console.cloud.google.com,,False
IT-SHARED/50_REFERENCE/REF__REFERENCE_MASTER_Library-IT_V1.md,https://console.cloud.google.com,https,console.cloud.google.com,,False
IT-SHARED/60_BUNDLES/BUNDLE_INFRA_CLOUD_GCP_GoogleWorkspace_V1.md,https://console.cloud.google.com,https,console.cloud.google.com,,False
IT-SHARED/10_RUNBOOKS/INFRA/INFRA__RUNBOOK__Meraki_Operations_V1.md,https://dashboard.meraki.com,https,dashboard.meraki.com,,False
IT-SHARED/60_BUNDLES/BUNDLE_INFRA_FIREWALL.md,https://dashboard.meraki.com,https,dashboard.meraki.com,,False
IT-SHARED/60_BUNDLES/BUNDLE_RUNBOOK_INFRA_Firewall-VPN_V1.md,https://dashboard.meraki.com,https,dashboard.meraki.com,,False
IT-SHARED/60_BUNDLES/BUNDLE__INFRA_Firewall.md,https://dashboard.meraki.com,https,dashboard.meraki.com,,False
20_Agents/IT-CloudMaster/knowledge/REFERENCE__Cloud_Admin_Portals.md,https://dev.azure.com,https,dev.azure.com,,False
IT-SHARED/50_REFERENCE/REFERENCE_LIBRARY__IT_MASTER_v1.md,https://dev.azure.com,https,dev.azure.com,,False
IT-SHARED/50_REFERENCE/REFERENCE__Cloud_Admin_Portals.md,https://dev.azure.com,https,dev.azure.com,,False
IT-SHARED/50_REFERENCE/REF__REFERENCE_INFRA_Cloud-Admin-Portals_V1.md,https://dev.azure.com,https,dev.azure.com,,False
IT-SHARED/50_REFERENCE/REF__REFERENCE_MASTER_Library-IT_V1.md,https://dev.azure.com,https,dev.azure.com,,False
IT-SHARED/60_BUNDLES/BUNDLE_INFRA_DNS_Domains_V1.md,https://dnschecker.org,https,dnschecker.org,,False
PRIVACY_POLICY.md,https://docs.github.com/en/site-policy/privacy-policies/github-general-privacy-statement,https,docs.github.com,/en/site-policy/privacy-policies/github-general-privacy-statement,False
IT-SHARED/10_RUNBOOKS/RUNBOOK_MASTER__IT_v1.md,https://docs.microsoft.com/azure/active-directory/fundamentals/identity-secure-score,https,docs.microsoft.com,/azure/active-directory/fundamentals/identity-secure-score,False
IT-SHARED/60_BUNDLES/BUNDLE_RUNBOOKS_IT_CLOUD.md,https://docs.microsoft.com/azure/active-directory/fundamentals/identity-secure-score,https,docs.microsoft.com,/azure/active-directory/fundamentals/identity-secure-score,False
IT-SHARED/10_RUNBOOKS/RUNBOOK_MASTER__IT_v1.md,https://docs.microsoft.com/microsoft-365/admin/add-users/,https,docs.microsoft.com,/microsoft-365/admin/add-users/,False
IT-SHARED/60_BUNDLES/BUNDLE_RUNBOOKS_IT_CLOUD.md,https://docs.microsoft.com/microsoft-365/admin/add-users/,https,docs.microsoft.com,/microsoft-365/admin/add-users/,False
20_Agents/IT-CloudMaster/knowledge/REFERENCE__Cloud_Admin_Portals.md,https://endpoint.microsoft.com,https,endpoint.microsoft.com,,False
IT-SHARED/50_REFERENCE/REFERENCE_LIBRARY__IT_MASTER_v1.md,https://endpoint.microsoft.com,https,endpoint.microsoft.com,,False
IT-SHARED/50_REFERENCE/REFERENCE__Cloud_Admin_Portals.md,https://endpoint.microsoft.com,https,endpoint.microsoft.com,,False
IT-SHARED/50_REFERENCE/REF__REFERENCE_INFRA_Cloud-Admin-Portals_V1.md,https://endpoint.microsoft.com,https,endpoint.microsoft.com,,False
IT-SHARED/50_REFERENCE/REF__REFERENCE_MASTER_Library-IT_V1.md,https://endpoint.microsoft.com,https,endpoint.microsoft.com,,False
IT-SHARED/10_RUNBOOKS/INFRA/INFRA__RUNBOOK__EntraID_Operations_V1.md,https://entra.microsoft.com,https,entra.microsoft.com,,False
IT-SHARED/10_RUNBOOKS/INFRA/INFRA__RUNBOOK__M365_Intune_Devices_V1.md,https://entra.microsoft.com,https,entra.microsoft.com,,False
IT-SHARED/10_RUNBOOKS/SECURITY/SECURITY__RUNBOOK__M365_Compliance_Purview_V1.md,https://entra.microsoft.com,https,entra.microsoft.com,,False
IT-SHARED/60_BUNDLES/BUNDLE_INFRA_365.md,https://entra.microsoft.com,https,entra.microsoft.com,,False
IT-SHARED/60_BUNDLES/BUNDLE_RUNBOOK_INFRA_M365_V1.md,https://entra.microsoft.com,https,entra.microsoft.com,,False
IT-SHARED/60_BUNDLES/BUNDLE_RUNBOOK_SECURITY_Incident-Response_V1.md,https://entra.microsoft.com,https,entra.microsoft.com,,False
PRIVACY_POLICY.md,https://github.com/eriqallain-afk,https,github.com,/eriqallain-afk,False
IT-SHARED/30_SCRIPTS/LIBRARY_BASH_Bash-Snippets_V1.md,https://google.com,https,google.com,,False
IT-SHARED/30_SCRIPTS/LIBRARY__Bash_Snippets.md,https://google.com,https,google.com,,False
20_Agents/IT-CloudMaster/knowledge/REFERENCE__Cloud_Admin_Portals.md,https://intune.microsoft.com,https,intune.microsoft.com,,False
IT-SHARED/10_RUNBOOKS/INFRA/INFRA__RUNBOOK__M365_Intune_Devices_V1.md,https://intune.microsoft.com,https,intune.microsoft.com,,False
IT-SHARED/50_REFERENCE/REFERENCE_LIBRARY__IT_MASTER_v1.md,https://intune.microsoft.com,https,intune.microsoft.com,,False
IT-SHARED/50_REFERENCE/REFERENCE__Cloud_Admin_Portals.md,https://intune.microsoft.com,https,intune.microsoft.com,,False
IT-SHARED/50_REFERENCE/REF__REFERENCE_INFRA_Cloud-Admin-Portals_V1.md,https://intune.microsoft.com,https,intune.microsoft.com,,False
IT-SHARED/50_REFERENCE/REF__REFERENCE_MASTER_Library-IT_V1.md,https://intune.microsoft.com,https,intune.microsoft.com,,False
IT-SHARED/60_BUNDLES/BUNDLE_INFRA_365.md,https://intune.microsoft.com,https,intune.microsoft.com,,False
IT-SHARED/60_BUNDLES/BUNDLE_RUNBOOK_INFRA_M365_V1.md,https://intune.microsoft.com,https,intune.microsoft.com,,False
IT-SHARED/60_BUNDLES/BUNDLE_INFRA_DNS_Domains_V1.md,https://lookup.icann.org,https,lookup.icann.org,,False
IT-SHARED/50_REFERENCE/GUIDE__Azure_Troubleshooting.md,"https://management.azure.com/subscriptions/{subscription-id}/providers/Microsoft.ResourceHealth/events?api-version=2022-10-01""",https,management.azure.com,/subscriptions/{subscription-id}/providers/Microsoft.ResourceHealth/events,False
IT-SHARED/50_REFERENCE/REFERENCE_LIBRARY__IT_MASTER_v1.md,"https://management.azure.com/subscriptions/{subscription-id}/providers/Microsoft.ResourceHealth/events?api-version=2022-10-01""",https,management.azure.com,/subscriptions/{subscription-id}/providers/Microsoft.ResourceHealth/events,False
IT-SHARED/50_REFERENCE/REF__GUIDE_INFRA_Azure-Troubleshooting_V1.md,"https://management.azure.com/subscriptions/{subscription-id}/providers/Microsoft.ResourceHealth/events?api-version=2022-10-01""",https,management.azure.com,/subscriptions/{subscription-id}/providers/Microsoft.ResourceHealth/events,False
IT-SHARED/50_REFERENCE/REF__REFERENCE_MASTER_Library-IT_V1.md,"https://management.azure.com/subscriptions/{subscription-id}/providers/Microsoft.ResourceHealth/events?api-version=2022-10-01""",https,management.azure.com,/subscriptions/{subscription-id}/providers/Microsoft.ResourceHealth/events,False
PRIVACY_POLICY.md,https://openai.com/privacy,https,openai.com,/privacy,False
IT-SHARED/10_RUNBOOKS/NOC/NOC__RUNBOOK__Datto_Operations_V1.md,https://partners.datto.com,https,partners.datto.com,,False
IT-SHARED/60_BUNDLES/BUNDLE_RUNBOOK_BACKUP_Datto-Keepit-DR_V1.md,https://partners.datto.com,https,partners.datto.com,,False
20_Agents/IT-CloudMaster/knowledge/REFERENCE__Cloud_Admin_Portals.md,https://portal.azure.com,https,portal.azure.com,,False
20_Agents/IT-CloudMaster/knowledge/RUNBOOK__M365_User_Management.md,https://portal.azure.com,https,portal.azure.com,,False
IT-SHARED/10_RUNBOOKS/INFRA/INFRA__RUNBOOK__EntraID_Operations_V1.md,https://portal.azure.com,https,portal.azure.com,,False
IT-SHARED/10_RUNBOOKS/INFRA/INFRA__RUNBOOK__M365_Exchange_Online_V1.md,https://portal.azure.com,https,portal.azure.com,,False
IT-SHARED/10_RUNBOOKS/RUNBOOK_MASTER__IT_v1.md,https://portal.azure.com,https,portal.azure.com,,False
IT-SHARED/50_REFERENCE/REFERENCE_LIBRARY__IT_MASTER_v1.md,https://portal.azure.com,https,portal.azure.com,,False
IT-SHARED/50_REFERENCE/REFERENCE__Cloud_Admin_Portals.md,https://portal.azure.com,https,portal.azure.com,,False
IT-SHARED/50_REFERENCE/REF__REFERENCE_INFRA_Cloud-Admin-Portals_V1.md,https://portal.azure.com,https,portal.azure.com,,False
IT-SHARED/50_REFERENCE/REF__REFERENCE_MASTER_Library-IT_V1.md,https://portal.azure.com,https,portal.azure.com,,False
IT-SHARED/60_BUNDLES/BUNDLE_INFRA_365.md,https://portal.azure.com,https,portal.azure.com,,False
IT-SHARED/60_BUNDLES/BUNDLE_RUNBOOKS_IT_CLOUD.md,https://portal.azure.com,https,portal.azure.com,,False
IT-SHARED/60_BUNDLES/BUNDLE_RUNBOOK_INFRA_M365_V1.md,https://portal.azure.com,https,portal.azure.com,,False
IT-SHARED/50_REFERENCE/GUIDE__Azure_Troubleshooting.md,https://portal.azure.com/#blade/Microsoft_Azure_Health/AzureHealthBrowseBlade/serviceIssues,https,portal.azure.com,/,False
IT-SHARED/50_REFERENCE/REFERENCE_LIBRARY__IT_MASTER_v1.md,https://portal.azure.com/#blade/Microsoft_Azure_Health/AzureHealthBrowseBlade/serviceIssues,https,portal.azure.com,/,False
IT-SHARED/50_REFERENCE/REF__GUIDE_INFRA_Azure-Troubleshooting_V1.md,https://portal.azure.com/#blade/Microsoft_Azure_Health/AzureHealthBrowseBlade/serviceIssues,https,portal.azure.com,/,False
IT-SHARED/50_REFERENCE/REF__REFERENCE_MASTER_Library-IT_V1.md,https://portal.azure.com/#blade/Microsoft_Azure_Health/AzureHealthBrowseBlade/serviceIssues,https,portal.azure.com,/,False
20_Agents/IT-CloudMaster/knowledge/REFERENCE__Cloud_Admin_Portals.md,https://portal.azure.com/#view/HubsExtension/BrowseResource/resourceType/microsoft.securityinsightsarg%2Fsentinel,https,portal.azure.com,/,False
IT-SHARED/50_REFERENCE/REFERENCE_LIBRARY__IT_MASTER_v1.md,https://portal.azure.com/#view/HubsExtension/BrowseResource/resourceType/microsoft.securityinsightsarg%2Fsentinel,https,portal.azure.com,/,False
IT-SHARED/50_REFERENCE/REFERENCE__Cloud_Admin_Portals.md,https://portal.azure.com/#view/HubsExtension/BrowseResource/resourceType/microsoft.securityinsightsarg%2Fsentinel,https,portal.azure.com,/,False
IT-SHARED/50_REFERENCE/REF__REFERENCE_INFRA_Cloud-Admin-Portals_V1.md,https://portal.azure.com/#view/HubsExtension/BrowseResource/resourceType/microsoft.securityinsightsarg%2Fsentinel,https,portal.azure.com,/,False
IT-SHARED/50_REFERENCE/REF__REFERENCE_MASTER_Library-IT_V1.md,https://portal.azure.com/#view/HubsExtension/BrowseResource/resourceType/microsoft.securityinsightsarg%2Fsentinel,https,portal.azure.com,/,False
20_Agents/IT-CloudMaster/knowledge/REFERENCE__Cloud_Admin_Portals.md,https://portal.azure.com/#view/Microsoft_Azure_CostManagement,https,portal.azure.com,/,False
IT-SHARED/50_REFERENCE/REFERENCE_LIBRARY__IT_MASTER_v1.md,https://portal.azure.com/#view/Microsoft_Azure_CostManagement,https,portal.azure.com,/,False
IT-SHARED/50_REFERENCE/REFERENCE__Cloud_Admin_Portals.md,https://portal.azure.com/#view/Microsoft_Azure_CostManagement,https,portal.azure.com,/,False
IT-SHARED/50_REFERENCE/REF__REFERENCE_INFRA_Cloud-Admin-Portals_V1.md,https://portal.azure.com/#view/Microsoft_Azure_CostManagement,https,portal.azure.com,/,False
IT-SHARED/50_REFERENCE/REF__REFERENCE_MASTER_Library-IT_V1.md,https://portal.azure.com/#view/Microsoft_Azure_CostManagement,https,portal.azure.com,/,False
20_Agents/IT-CloudMaster/knowledge/REFERENCE__Cloud_Admin_Portals.md,https://portal.azure.com/#view/Microsoft_Azure_Policy,https,portal.azure.com,/,False
IT-SHARED/50_REFERENCE/REFERENCE_LIBRARY__IT_MASTER_v1.md,https://portal.azure.com/#view/Microsoft_Azure_Policy,https,portal.azure.com,/,False
IT-SHARED/50_REFERENCE/REFERENCE__Cloud_Admin_Portals.md,https://portal.azure.com/#view/Microsoft_Azure_Policy,https,portal.azure.com,/,False
IT-SHARED/50_REFERENCE/REF__REFERENCE_INFRA_Cloud-Admin-Portals_V1.md,https://portal.azure.com/#view/Microsoft_Azure_Policy,https,portal.azure.com,/,False
IT-SHARED/50_REFERENCE/REF__REFERENCE_MASTER_Library-IT_V1.md,https://portal.azure.com/#view/Microsoft_Azure_Policy,https,portal.azure.com,/,False
20_Agents/IT-CloudMaster/knowledge/REFERENCE__Cloud_Admin_Portals.md,https://portal.azure.com/#view/Microsoft_Azure_Security,https,portal.azure.com,/,False
IT-SHARED/50_REFERENCE/REFERENCE_LIBRARY__IT_MASTER_v1.md,https://portal.azure.com/#view/Microsoft_Azure_Security,https,portal.azure.com,/,False
IT-SHARED/50_REFERENCE/REFERENCE__Cloud_Admin_Portals.md,https://portal.azure.com/#view/Microsoft_Azure_Security,https,portal.azure.com,/,False
IT-SHARED/50_REFERENCE/REF__REFERENCE_INFRA_Cloud-Admin-Portals_V1.md,https://portal.azure.com/#view/Microsoft_Azure_Security,https,portal.azure.com,/,False
IT-SHARED/50_REFERENCE/REF__REFERENCE_MASTER_Library-IT_V1.md,https://portal.azure.com/#view/Microsoft_Azure_Security,https,portal.azure.com,/,False
IT-SHARED/10_RUNBOOKS/RUNBOOK_MASTER__IT_v1.md,https://portal.office.com,https,portal.office.com,,False
IT-SHARED/60_BUNDLES/BUNDLE_RUNBOOKS_IT_CLOUD.md,https://portal.office.com,https,portal.office.com,,False
20_Agents/IT-CloudMaster/knowledge/RUNBOOK__M365_User_Management.md,https://protection.office.com,https,protection.office.com,,False
IT-SHARED/10_RUNBOOKS/RUNBOOK_MASTER__IT_v1.md,https://protection.office.com,https,protection.office.com,,False
IT-SHARED/60_BUNDLES/BUNDLE_RUNBOOKS_IT_CLOUD.md,https://protection.office.com,https,protection.office.com,,False
20_Agents/IT-CloudMaster/knowledge/REFERENCE__Cloud_Admin_Portals.md,https://security.microsoft.com,https,security.microsoft.com,,False
IT-SHARED/10_RUNBOOKS/SECURITY/SECURITY__RUNBOOK__M365_Compliance_Purview_V1.md,https://security.microsoft.com,https,security.microsoft.com,,False
IT-SHARED/50_REFERENCE/REFERENCE_LIBRARY__IT_MASTER_v1.md,https://security.microsoft.com,https,security.microsoft.com,,False
IT-SHARED/50_REFERENCE/REFERENCE__Cloud_Admin_Portals.md,https://security.microsoft.com,https,security.microsoft.com,,False
IT-SHARED/50_REFERENCE/REF__REFERENCE_INFRA_Cloud-Admin-Portals_V1.md,https://security.microsoft.com,https,security.microsoft.com,,False
IT-SHARED/50_REFERENCE/REF__REFERENCE_MASTER_Library-IT_V1.md,https://security.microsoft.com,https,security.microsoft.com,,False
IT-SHARED/60_BUNDLES/BUNDLE_RUNBOOK_INFRA_M365_V1.md,https://security.microsoft.com,https,security.microsoft.com,,False
IT-SHARED/60_BUNDLES/BUNDLE_RUNBOOK_SECURITY_Incident-Response_V1.md,https://security.microsoft.com,https,security.microsoft.com,,False
IT-SHARED/10_RUNBOOKS/INFRA/INFRA__RUNBOOK__WatchGuard_Operations_V1.md,https://software.watchguard.com/SoftwareDownloads,https,software.watchguard.com,/SoftwareDownloads,False
IT-SHARED/60_BUNDLES/BUNDLE_INFRA_FIREWALL.md,https://software.watchguard.com/SoftwareDownloads,https,software.watchguard.com,/SoftwareDownloads,False
IT-SHARED/60_BUNDLES/BUNDLE_RUNBOOK_INFRA_Firewall-VPN_V1.md,https://software.watchguard.com/SoftwareDownloads,https,software.watchguard.com,/SoftwareDownloads,False
IT-SHARED/60_BUNDLES/BUNDLE__INFRA_Firewall.md,https://software.watchguard.com/SoftwareDownloads,https,software.watchguard.com,/SoftwareDownloads,False
IT-SHARED/60_BUNDLES/BUNDLE_KP_Commandare-Infra_V1.md,https://status.azure.com,https,status.azure.com,,False
IT-SHARED/60_BUNDLES/BUNDLE_KP_Commandare-Infra_V1.md,https://status.office365.com,https,status.office365.com,,False
IT-SHARED/10_RUNBOOKS/INFRA/INFRA__RUNBOOK__Fortinet_Operations_V1.md,https://support.fortinet.com,https,support.fortinet.com,,False
IT-SHARED/60_BUNDLES/BUNDLE_INFRA_FIREWALL.md,https://support.fortinet.com,https,support.fortinet.com,,False
IT-SHARED/60_BUNDLES/BUNDLE_RUNBOOK_INFRA_Firewall-VPN_V1.md,https://support.fortinet.com,https,support.fortinet.com,,False
IT-SHARED/60_BUNDLES/BUNDLE__INFRA_Firewall.md,https://support.fortinet.com,https,support.fortinet.com,,False
20_Agents/IT-CloudMaster/knowledge/REFERENCE__Cloud_Admin_Portals.md,https://tenant-admin.sharepoint.com,https,tenant-admin.sharepoint.com,,False
IT-SHARED/50_REFERENCE/REFERENCE_LIBRARY__IT_MASTER_v1.md,https://tenant-admin.sharepoint.com,https,tenant-admin.sharepoint.com,,False
IT-SHARED/50_REFERENCE/REFERENCE__Cloud_Admin_Portals.md,https://tenant-admin.sharepoint.com,https,tenant-admin.sharepoint.com,,False
IT-SHARED/50_REFERENCE/REFERENCE__Common_Cloud_Commands.md,https://tenant-admin.sharepoint.com,https,tenant-admin.sharepoint.com,,False
IT-SHARED/50_REFERENCE/REF__REFERENCE_INFRA_Cloud-Admin-Portals_V1.md,https://tenant-admin.sharepoint.com,https,tenant-admin.sharepoint.com,,False
IT-SHARED/50_REFERENCE/REF__REFERENCE_INFRA_Common-Cloud-Commands_V1.md,https://tenant-admin.sharepoint.com,https,tenant-admin.sharepoint.com,,False
IT-SHARED/50_REFERENCE/REF__REFERENCE_MASTER_Library-IT_V1.md,https://tenant-admin.sharepoint.com,https,tenant-admin.sharepoint.com,,False
IT-SHARED/50_REFERENCE/REFERENCE_LIBRARY__IT_MASTER_v1.md,https://tenant.sharepoint.com/sites/IT-Team,https,tenant.sharepoint.com,/sites/IT-Team,False
IT-SHARED/50_REFERENCE/REFERENCE__Common_Cloud_Commands.md,https://tenant.sharepoint.com/sites/IT-Team,https,tenant.sharepoint.com,/sites/IT-Team,False
IT-SHARED/50_REFERENCE/REF__REFERENCE_INFRA_Common-Cloud-Commands_V1.md,https://tenant.sharepoint.com/sites/IT-Team,https,tenant.sharepoint.com,/sites/IT-Team,False
IT-SHARED/50_REFERENCE/REF__REFERENCE_MASTER_Library-IT_V1.md,https://tenant.sharepoint.com/sites/IT-Team,https,tenant.sharepoint.com,/sites/IT-Team,False
IT-SHARED/10_RUNBOOKS/INFRA/INFRA__RUNBOOK__WatchGuard_Operations_V1.md,https://ui.watchguard.com,https,ui.watchguard.com,,False
IT-SHARED/60_BUNDLES/BUNDLE_INFRA_FIREWALL.md,https://ui.watchguard.com,https,ui.watchguard.com,,False
IT-SHARED/60_BUNDLES/BUNDLE_RUNBOOK_INFRA_Firewall-VPN_V1.md,https://ui.watchguard.com,https,ui.watchguard.com,,False
IT-SHARED/60_BUNDLES/BUNDLE__INFRA_Firewall.md,https://ui.watchguard.com,https,ui.watchguard.com,,False
IT-SHARED/10_RUNBOOKS/INFRA/INFRA__RUNBOOK__Unifi_Mikrotik_Operations_V1.md,https://unifi.ui.com,https,unifi.ui.com,,False
IT-SHARED/60_BUNDLES/BUNDLE_INFRA_FIREWALL.md,https://unifi.ui.com,https,unifi.ui.com,,False
IT-SHARED/60_BUNDLES/BUNDLE_RUNBOOK_INFRA_Firewall-VPN_V1.md,https://unifi.ui.com,https,unifi.ui.com,,False
IT-SHARED/60_BUNDLES/BUNDLE__INFRA_Firewall.md,https://unifi.ui.com,https,unifi.ui.com,,False
20_Agents/IT-SysAdmin/02_RUNBOOKS/BUNDLE_INFRA_VIRTUALISATION.md,https://vcenter.domaine.com/rest/vcenter/certificate-management/vcenter/tls,https,vcenter.domaine.com,/rest/vcenter/certificate-management/vcenter/tls,False
IT-SHARED/10_RUNBOOKS/INFRA/INFRA__RUNBOOK__VMware_vSphere_Operations_V1.md,https://vcenter.domaine.com/rest/vcenter/certificate-management/vcenter/tls,https,vcenter.domaine.com,/rest/vcenter/certificate-management/vcenter/tls,False
IT-SHARED/60_BUNDLES/BUNDLE_INFRA_VIRTUALISATION.md,https://vcenter.domaine.com/rest/vcenter/certificate-management/vcenter/tls,https,vcenter.domaine.com,/rest/vcenter/certificate-management/vcenter/tls,False
IT-SHARED/60_BUNDLES/BUNDLE_RUNBOOK_INFRA_Hyperviseurs_V1.md,https://vcenter.domaine.com/rest/vcenter/certificate-management/vcenter/tls,https,vcenter.domaine.com,/rest/vcenter/certificate-management/vcenter/tls,False
OPS/OPS-DossierIA/PromptInterneActuel.rtf,https://votre-site-expert.ai,https,votre-site-expert.ai,,False
OPS/OPS-PlaybookRunner/PromptInterneActuel.rtf,https://votre-site-expert.ai,https,votre-site-expert.ai,,False
OPS/OPS-DossierIA/PromptInterneActuel.rtf,https://votre-site-expert.ai\ul0\cf0}}}}\f0\fs22,https,votre-site-expert.ai\ul0\cf0}}}}\f0\fs22,,False
OPS/OPS-PlaybookRunner/PromptInterneActuel.rtf,https://votre-site-expert.ai\ul0\cf0}}}}\f0\fs22,https,votre-site-expert.ai\ul0\cf0}}}}\f0\fs22,,False
IT-SHARED/60_BUNDLES/BUNDLE_INFRA_DNS_Domains_V1.md,https://whatsmydns.net,https,whatsmydns.net,,False
IT-SHARED/60_BUNDLES/BUNDLE_INFRA_DNS_Domains_V1.md,https://who.is,https,who.is,,False
PRIVACY_POLICY.md,https://www.connectwise.com/company/privacy,https,www.connectwise.com,/company/privacy,False
IT-SHARED/10_RUNBOOKS/INFRA/INFRA__RUNBOOK__Fortinet_Operations_V1.md,https://www.forticloud.com,https,www.forticloud.com,,False
IT-SHARED/60_BUNDLES/BUNDLE_INFRA_FIREWALL.md,https://www.forticloud.com,https,www.forticloud.com,,False
IT-SHARED/60_BUNDLES/BUNDLE_RUNBOOK_INFRA_Firewall-VPN_V1.md,https://www.forticloud.com,https,www.forticloud.com,,False
IT-SHARED/60_BUNDLES/BUNDLE__INFRA_Firewall.md,https://www.forticloud.com,https,www.forticloud.com,,False
IT-SHARED/10_RUNBOOKS/SUPPORT/RUNBOOK__N2_Support_V1.md,https://www.fortinet.com/support/product-downloads,https,www.fortinet.com,/support/product-downloads,False
PRIVACY_POLICY.md,https://www.hudu.com/privacy-policy,https,www.hudu.com,/privacy-policy,False
IT-SHARED/10_RUNBOOKS/INFRA/INFRA__RUNBOOK__SonicWall_Operations_V1.md,https://www.mysonicwall.com,https,www.mysonicwall.com,,False
IT-SHARED/60_BUNDLES/BUNDLE_INFRA_FIREWALL.md,https://www.mysonicwall.com,https,www.mysonicwall.com,,False
IT-SHARED/60_BUNDLES/BUNDLE_RUNBOOK_INFRA_Firewall-VPN_V1.md,https://www.mysonicwall.com,https,www.mysonicwall.com,,False
IT-SHARED/60_BUNDLES/BUNDLE__INFRA_Firewall.md,https://www.mysonicwall.com,https,www.mysonicwall.com,,False
PRIVACY_POLICY.md,https://www.n-able.com/legal/privacy-policy,https,www.n-able.com,/legal/privacy-policy,False
20_Agents/IT-MaintenanceMaster/02_TEMPLATES/CONTEXTS/SHARED/TEMPLATE__CW_NOTE_INTERNE.md,https://www.veeam.com/kb2197,https,www.veeam.com,/kb2197,False
20_Agents/IT-SysAdmin/02_TEMPLATES/CONTEXTS/SHARED/TEMPLATE__CW_NOTE_INTERNE.md,https://www.veeam.com/kb2197,https,www.veeam.com,/kb2197,False
20_Agents/IT-SysAdmin/05_KNOWLEDGE/TEMPLATE__CW_NOTE_INTERNE.md,https://www.veeam.com/kb2197,https,www.veeam.com,/kb2197,False
IT-SHARED/20_TEMPLATES/00_TEMPLATE_MASTER/TEMPLATE_MASTER_Library-IT_V1.md,https://www.veeam.com/kb2197,https,www.veeam.com,/kb2197,False
IT-SHARED/20_TEMPLATES/01_TEMPLATE_CW/TEMPLATE_CW_Note-Interne_V1.md,https://www.veeam.com/kb2197,https,www.veeam.com,/kb2197,False
IT-SHARED/20_TEMPLATES/01_TEMPLATE_CW/TEMPLATE__CW_NOTE_INTERNE.md,https://www.veeam.com/kb2197,https,www.veeam.com,/kb2197,False
IT-SHARED/60_BUNDLES/BUNDLE_RUNBOOK_SUPPORT_Intervention-Live_V1.md,https://www.veeam.com/kb2197,https,www.veeam.com,/kb2197,False
