where,ref,type,severity,class,agent,suggestions
00_INDEX/KNOWLEDGE_INDEX.yaml,IT-SHARED/20_TEMPLATES/TEMPLATE_BUNDLE_CW_CLOSE.md,text_ref,P0,internal_missing,,IT-SHARED/20_TEMPLATES/01_TEMPLATE_CW/TEMPLATE_BUNDLE_CW_CLOSE.md | IT-SHARED/20_TEMPLATES/01_TEMPLATE_CW/TEMPLATE__CW_DISCUSSION.md | IT-SHARED/80_EXEMPLES/EXEMPLES_CLOSE_CW_REELS.md
00_INDEX/KNOWLEDGE_INDEX.yaml,IT-SHARED/60_BUNDLES/BUNDLE_KP_Assistant-N3_V1.md.md,text_ref,P0,internal_missing,,IT-SHARED/60_BUNDLES/BUNDLE_KP_Assistant-N3_V1.md | IT-SHARED/60_BUNDLES/BUNDLE_KP_Assistant-N2_V1.md | IT-SHARED/60_BUNDLES/BUNDLE_KP_AssistanTI-N3_V1.md
00_INDEX/KNOWLEDGE_INDEX.yaml,IT-SHARED/60_BUNDLES/BUNDLE_KP_IT-AssetMaster_V1.md,text_ref,P0,internal_missing,,IT-SHARED/60_BUNDLES/BUNDLE_KP_AssetMaster_V1.md | IT-SHARED/60_BUNDLES/BUNDLE_KP_VoIPMaster_V1.md | IT-SHARED/60_BUNDLES/BUNDLE_KP_UrgenceMaster_V1.md
00_INDEX/KNOWLEDGE_INDEX.yaml,IT-SHARED/60_BUNDLES/BUNDLE_KP_IT-BackupDRMaster_V1.md,text_ref,P0,internal_missing,,IT-SHARED/60_BUNDLES/BUNDLE_KP_BackupDRMaster_V1.md | IT-SHARED/60_BUNDLES/BUNDLE_KP_VoIPMaster_V1.md | IT-SHARED/60_BUNDLES/BUNDLE_KP_UrgenceMaster_V1.md
00_INDEX/KNOWLEDGE_INDEX.yaml,IT-SHARED/60_BUNDLES/BUNDLE_KP_IT-ClientDocMaster_V1.md,text_ref,P0,internal_missing,,IT-SHARED/60_BUNDLES/BUNDLE_KP_ClientDocMaster_V1.md | IT-SHARED/60_BUNDLES/BUNDLE_KP_VoIPMaster_V1.md | IT-SHARED/60_BUNDLES/BUNDLE_KP_UrgenceMaster_V1.md
00_INDEX/KNOWLEDGE_INDEX.yaml,IT-SHARED/60_BUNDLES/BUNDLE_KP_IT-CloudMaster_V1.md,text_ref,P0,internal_missing,,IT-SHARED/60_BUNDLES/BUNDLE_KP_CloudMaster_V1.md | IT-SHARED/60_BUNDLES/BUNDLE_KP_VoIPMaster_V1.md | IT-SHARED/60_BUNDLES/BUNDLE_KP_UrgenceMaster_V1.md
00_INDEX/KNOWLEDGE_INDEX.yaml,IT-SHARED/60_BUNDLES/BUNDLE_KP_IT-Commandare-Infra_V1.md,text_ref,P0,internal_missing,,IT-SHARED/60_BUNDLES/BUNDLE_KP_Commandare-Infra_V1.md | IT-SHARED/60_BUNDLES/BUNDLE_KP_Commandare-TECH_V1.md | IT-SHARED/60_BUNDLES/BUNDLE_KP_Commandare-OPR_V1.md
00_INDEX/KNOWLEDGE_INDEX.yaml,IT-SHARED/60_BUNDLES/BUNDLE_KP_IT-Commandare-NOC_V1.md,text_ref,P0,internal_missing,,IT-SHARED/60_BUNDLES/BUNDLE_KP_Commandare-NOC_V1.md | IT-SHARED/60_BUNDLES/BUNDLE_KP_Commandare-TECH_V1.md | IT-SHARED/60_BUNDLES/BUNDLE_KP_Commandare-OPR_V1.md
00_INDEX/KNOWLEDGE_INDEX.yaml,IT-SHARED/60_BUNDLES/BUNDLE_KP_IT-Commandare-OPR_V1.md,text_ref,P0,internal_missing,,IT-SHARED/60_BUNDLES/BUNDLE_KP_Commandare-OPR_V1.md | IT-SHARED/60_BUNDLES/BUNDLE_KP_Commandare-TECH_V1.md | IT-SHARED/60_BUNDLES/BUNDLE_KP_Commandare-NOC_V1.md
00_INDEX/KNOWLEDGE_INDEX.yaml,IT-SHARED/60_BUNDLES/BUNDLE_KP_IT-Commandare-TECH_V1.md,text_ref,P0,internal_missing,,IT-SHARED/60_BUNDLES/BUNDLE_KP_Commandare-TECH_V1.md | IT-SHARED/60_BUNDLES/BUNDLE_KP_Commandare-OPR_V1.md | IT-SHARED/60_BUNDLES/BUNDLE_KP_Commandare-NOC_V1.md
00_INDEX/KNOWLEDGE_INDEX.yaml,IT-SHARED/60_BUNDLES/BUNDLE_KP_IT-KnowledgeKeeper_V1.md,text_ref,P0,internal_missing,,IT-SHARED/60_BUNDLES/BUNDLE_KP_KnowledgeKeeper_V1.md | IT-SHARED/60_BUNDLES/BUNDLE_KP_VoIPMaster_V1.md | IT-SHARED/60_BUNDLES/BUNDLE_KP_UrgenceMaster_V1.md
00_INDEX/KNOWLEDGE_INDEX.yaml,IT-SHARED/60_BUNDLES/BUNDLE_KP_IT-MaintenanceMaster_V1.md,text_ref,P0,internal_missing,,IT-SHARED/60_BUNDLES/BUNDLE_KP_MaintenanceMaster_V1.md | IT-SHARED/60_BUNDLES/BUNDLE_KP_VoIPMaster_V1.md | IT-SHARED/60_BUNDLES/BUNDLE_KP_UrgenceMaster_V1.md
00_INDEX/KNOWLEDGE_INDEX.yaml,IT-SHARED/60_BUNDLES/BUNDLE_KP_IT-MonitoringMaster_V1.md,text_ref,P0,internal_missing,,IT-SHARED/60_BUNDLES/BUNDLE_KP_MonitoringMaster_V1.md | IT-SHARED/60_BUNDLES/BUNDLE_KP_VoIPMaster_V1.md | IT-SHARED/60_BUNDLES/BUNDLE_KP_UrgenceMaster_V1.md
00_INDEX/KNOWLEDGE_INDEX.yaml,IT-SHARED/60_BUNDLES/BUNDLE_KP_IT-NOCDispatcher_V1.md,text_ref,P0,internal_missing,,IT-SHARED/60_BUNDLES/BUNDLE_KP_NOCDispatcher_V1.md | IT-SHARED/60_BUNDLES/BUNDLE_KP_VoIPMaster_V1.md | IT-SHARED/60_BUNDLES/BUNDLE_KP_UrgenceMaster_V1.md
00_INDEX/KNOWLEDGE_INDEX.yaml,IT-SHARED/60_BUNDLES/BUNDLE_KP_IT-NetworkMaster_V1.md,text_ref,P0,internal_missing,,IT-SHARED/60_BUNDLES/BUNDLE_KP_NetworkMaster_V1.md | IT-SHARED/60_BUNDLES/BUNDLE_KP_VoIPMaster_V1.md | IT-SHARED/60_BUNDLES/BUNDLE_KP_UrgenceMaster_V1.md
00_INDEX/KNOWLEDGE_INDEX.yaml,IT-SHARED/60_BUNDLES/BUNDLE_KP_IT-ReportMaster_V1.md,text_ref,P0,internal_missing,,IT-SHARED/60_BUNDLES/BUNDLE_KP_ReportMaster_V1.md | IT-SHARED/60_BUNDLES/BUNDLE_KP_VoIPMaster_V1.md | IT-SHARED/60_BUNDLES/BUNDLE_KP_UrgenceMaster_V1.md
00_INDEX/KNOWLEDGE_INDEX.yaml,IT-SHARED/60_BUNDLES/BUNDLE_KP_IT-ScriptMaster_V1.md,text_ref,P0,internal_missing,,IT-SHARED/60_BUNDLES/BUNDLE_KP_ScriptMaster_V1.md | IT-SHARED/60_BUNDLES/BUNDLE_KP_VoIPMaster_V1.md | IT-SHARED/60_BUNDLES/BUNDLE_KP_UrgenceMaster_V1.md
00_INDEX/KNOWLEDGE_INDEX.yaml,IT-SHARED/60_BUNDLES/BUNDLE_KP_IT-SecurityMaster_V1.md,text_ref,P0,internal_missing,,IT-SHARED/60_BUNDLES/BUNDLE_KP_SecurityMaster_V1.md | IT-SHARED/60_BUNDLES/BUNDLE_KP_VoIPMaster_V1.md | IT-SHARED/60_BUNDLES/BUNDLE_KP_UrgenceMaster_V1.md
00_INDEX/KNOWLEDGE_INDEX.yaml,IT-SHARED/60_BUNDLES/BUNDLE_KP_IT-TicketScribe_V1.md,text_ref,P0,internal_missing,,IT-SHARED/60_BUNDLES/BUNDLE_KP_TicketScribe_V1.md | IT-SHARED/60_BUNDLES/BUNDLE_KP_VoIPMaster_V1.md | IT-SHARED/60_BUNDLES/BUNDLE_KP_UrgenceMaster_V1.md
00_INDEX/KNOWLEDGE_INDEX.yaml,IT-SHARED/60_BUNDLES/BUNDLE_KP_IT-UrgenceMaster_V1.md,text_ref,P0,internal_missing,,IT-SHARED/60_BUNDLES/BUNDLE_KP_UrgenceMaster_V1.md | IT-SHARED/60_BUNDLES/BUNDLE_KP_VoIPMaster_V1.md | IT-SHARED/60_BUNDLES/BUNDLE_KP_TicketScribe_V1.md
00_INDEX/KNOWLEDGE_INDEX.yaml,IT-SHARED/60_BUNDLES/BUNDLE_KP_IT-VoIPMaster_V1.md,text_ref,P0,internal_missing,,IT-SHARED/60_BUNDLES/BUNDLE_KP_VoIPMaster_V1.md | IT-SHARED/60_BUNDLES/BUNDLE_KP_UrgenceMaster_V1.md | IT-SHARED/60_BUNDLES/BUNDLE_KP_TicketScribe_V1.md
00_INDEX/gpt_catalog.yaml,20_Agents/IT-Assistant-FrontLine/agent.yaml,text_ref,P0,internal_missing,,OPS/OPS-RouterIA/agent.yaml | OPS/OPS-PlaybookRunner/agent.yaml | OPS/OPS-DossierIA/agent.yaml
00_INDEX/gpt_catalog.yaml,20_Agents/IT-Assistant-FrontLine/contract.yaml,text_ref,P0,internal_missing,,OPS/OPS-RouterIA/contract.yaml | OPS/OPS-PlaybookRunner/contract.yaml | OPS/OPS-DossierIA/contract.yaml
00_INDEX/gpt_catalog.yaml,20_Agents/IT-Assistant-FrontLine/prompt.md,text_ref,P0,internal_missing,,OPS/OPS-RouterIA/prompt.md | OPS/OPS-PlaybookRunner/prompt.md | OPS/OPS-DossierIA/prompt.md
20_Agents/IT-Commandare-Infra/prompt.md,50_POLICIES/ops/incident_severity.md,text_ref,P1,external_dependency,IT-Commandare-Infra,IT-SHARED/20_TEMPLATES/08_TEMPLATE_REPORTS/TEMPLATE__INCIDENT_REPORT.md | IT-SHARED/20_TEMPLATES/06_TEMPLATE _INCIDENT/TEMPLATE__INCIDENT_LOG.md | IT-SHARED/20_TEMPLATES/06_TEMPLATE _INCIDENT/TEMPLATE__INCIDENT_CRITIQUE.md
20_Agents/IT-Commandare-Infra/prompt.md,50_POLICIES/ops/logging_schema.md,text_ref,P1,external_dependency,IT-Commandare-Infra,README.md | OPS/OPS-RouterIA/tools/tools.md | OPS/OPS-RouterIA/prompt.md
20_Agents/IT-Commandare-Infra/prompt.md,50_POLICIES/ops/sla.md,text_ref,P1,external_dependency,IT-Commandare-Infra,IT-SHARED/50_REFERENCE/REFERENCE__SLA_Matrix.md | 20_Agents/IT-NOCDispatcher/knowledge/REFERENCE__SLA_Matrix.md | 20_Agents/IT-FrontLine/knowledge/REFERENCE__SLA_FrontLine.md
20_Agents/IT-Commandare-NOC/prompt.md,50_POLICIES/ops/incident_severity.md,text_ref,P1,external_dependency,IT-Commandare-NOC,IT-SHARED/20_TEMPLATES/08_TEMPLATE_REPORTS/TEMPLATE__INCIDENT_REPORT.md | IT-SHARED/20_TEMPLATES/06_TEMPLATE _INCIDENT/TEMPLATE__INCIDENT_LOG.md | IT-SHARED/20_TEMPLATES/06_TEMPLATE _INCIDENT/TEMPLATE__INCIDENT_CRITIQUE.md
20_Agents/IT-Commandare-NOC/prompt.md,50_POLICIES/ops/logging_schema.md,text_ref,P1,external_dependency,IT-Commandare-NOC,README.md | OPS/OPS-RouterIA/tools/tools.md | OPS/OPS-RouterIA/prompt.md
20_Agents/IT-Commandare-NOC/prompt.md,50_POLICIES/ops/sla.md,text_ref,P1,external_dependency,IT-Commandare-NOC,IT-SHARED/50_REFERENCE/REFERENCE__SLA_Matrix.md | 20_Agents/IT-NOCDispatcher/knowledge/REFERENCE__SLA_Matrix.md | 20_Agents/IT-FrontLine/knowledge/REFERENCE__SLA_FrontLine.md
20_Agents/IT-Commandare-NOC/prompt_IT-Commandare-NOC_V3.md,50_POLICIES/ops/incident_severity.md,text_ref,P1,external_dependency,IT-Commandare-NOC,IT-SHARED/20_TEMPLATES/08_TEMPLATE_REPORTS/TEMPLATE__INCIDENT_REPORT.md | IT-SHARED/20_TEMPLATES/06_TEMPLATE _INCIDENT/TEMPLATE__INCIDENT_LOG.md | IT-SHARED/20_TEMPLATES/06_TEMPLATE _INCIDENT/TEMPLATE__INCIDENT_CRITIQUE.md
20_Agents/IT-Commandare-NOC/prompt_IT-Commandare-NOC_V3.md,50_POLICIES/ops/logging_schema.md,text_ref,P1,external_dependency,IT-Commandare-NOC,README.md | OPS/OPS-RouterIA/tools/tools.md | OPS/OPS-RouterIA/prompt.md
20_Agents/IT-Commandare-NOC/prompt_IT-Commandare-NOC_V3.md,50_POLICIES/ops/sla.md,text_ref,P1,external_dependency,IT-Commandare-NOC,IT-SHARED/50_REFERENCE/REFERENCE__SLA_Matrix.md | 20_Agents/IT-NOCDispatcher/knowledge/REFERENCE__SLA_Matrix.md | 20_Agents/IT-FrontLine/knowledge/REFERENCE__SLA_FrontLine.md
20_Agents/IT-Commandare-OPR/prompt.md,50_POLICIES/naming.md,text_ref,P1,external_dependency,IT-Commandare-OPR,IT-SHARED/70_KNOWLEDGE/06_NAMING_STANDARDS/NAMING_STANDARDS_v1.md | IT-SHARED/20_TEMPLATES/13_NAMING_STANDARDS/NAMING_STANDARDS_v1.md | 20_Agents/IT-SysAdmin/knowledge/NAMING_STANDARDS_v1.md
20_Agents/IT-Commandare-OPR/prompt.md,50_POLICIES/ops/logging_schema.md,text_ref,P1,external_dependency,IT-Commandare-OPR,README.md | OPS/OPS-RouterIA/tools/tools.md | OPS/OPS-RouterIA/prompt.md
20_Agents/IT-Commandare-OPR/prompt.md,50_POLICIES/ops/sla.md,text_ref,P1,external_dependency,IT-Commandare-OPR,IT-SHARED/50_REFERENCE/REFERENCE__SLA_Matrix.md | 20_Agents/IT-NOCDispatcher/knowledge/REFERENCE__SLA_Matrix.md | 20_Agents/IT-FrontLine/knowledge/REFERENCE__SLA_FrontLine.md
20_Agents/IT-Commandare-TECH/prompt.md,50_POLICIES/ops/incident_severity.md,text_ref,P1,external_dependency,IT-Commandare-TECH,IT-SHARED/20_TEMPLATES/08_TEMPLATE_REPORTS/TEMPLATE__INCIDENT_REPORT.md | IT-SHARED/20_TEMPLATES/06_TEMPLATE _INCIDENT/TEMPLATE__INCIDENT_LOG.md | IT-SHARED/20_TEMPLATES/06_TEMPLATE _INCIDENT/TEMPLATE__INCIDENT_CRITIQUE.md
20_Agents/IT-Commandare-TECH/prompt.md,50_POLICIES/ops/logging_schema.md,text_ref,P1,external_dependency,IT-Commandare-TECH,README.md | OPS/OPS-RouterIA/tools/tools.md | OPS/OPS-RouterIA/prompt.md
20_Agents/IT-Commandare-TECH/prompt.md,50_POLICIES/ops/sla.md,text_ref,P1,external_dependency,IT-Commandare-TECH,IT-SHARED/50_REFERENCE/REFERENCE__SLA_Matrix.md | 20_Agents/IT-NOCDispatcher/knowledge/REFERENCE__SLA_Matrix.md | 20_Agents/IT-FrontLine/knowledge/REFERENCE__SLA_FrontLine.md
OPS/OPS-PlaybookRunner/README.md,40_RUNBOOKS/dispatch_matrix.yaml,text_ref,P1,external_dependency,OPS-PlaybookRunner,IT-SHARED/10_RUNBOOKS/00_POLICIES/RUNBOOK_DISPATCH.yaml | 00_INDEX/RUNBOOK_DISPATCH.yaml | playbooks/playbooks.yaml
OPS/OPS-RouterIA/README.md,40_RUNBOOKS/dispatch_matrix.yaml,text_ref,P1,external_dependency,OPS-RouterIA,IT-SHARED/10_RUNBOOKS/00_POLICIES/RUNBOOK_DISPATCH.yaml | 00_INDEX/RUNBOOK_DISPATCH.yaml | playbooks/playbooks.yaml
OPS/OPS-RouterIA/contract.yaml,40_RUNBOOKS/dispatch_matrix.yaml,text_ref,P1,external_dependency,OPS-RouterIA,IT-SHARED/10_RUNBOOKS/00_POLICIES/RUNBOOK_DISPATCH.yaml | 00_INDEX/RUNBOOK_DISPATCH.yaml | playbooks/playbooks.yaml
20_Agents/IT-AssetMaster/GPT_SETUP_CARD__IT-AssetMaster_v3.md,IT-SHARED/10_RUNBOOKS/MAINTENANCE/MAINTENANCE__RUNBOOK__CMDB_Asset_Audit_V1.md,text_ref,P1,internal_missing,IT-AssetMaster,IT-SHARED/10_RUNBOOKS/MAINTENANCE/MAINT__RB__CMDB_Asset_Audit_V1.md | IT-SHARED/10_RUNBOOKS/MAINTENANCE/RUNBOOK__IT_AUDIT_TRIMESTRIEL_V1.md | IT-SHARED/10_RUNBOOKS/MAINTENANCE/99_ARCHIVE/RUNBOOK__IT_AUDIT_TRIMESTRIEL_V1.md
20_Agents/IT-Assistant-N2/GPT_SETUP_CARD__IT-AssistanTI_N2.md,20_Agents/IT-AssistanTI_N2/00_INSTRUCTIONS.md,text_ref,P1,internal_missing,IT-Assistant-N2,OPS/OPS-RouterIA/00_INSTRUCTIONS.md | OPS/OPS-PlaybookRunner/00_INSTRUCTIONS.md | OPS/OPS-DossierIA/00_INSTRUCTIONS.md
20_Agents/IT-Assistant-N2/GPT_SETUP_CARD__IT-AssistanTI_N2.md,20_Agents/IT-AssistanTI_N2/prompt.md,text_ref,P1,internal_missing,IT-Assistant-N2,OPS/OPS-RouterIA/prompt.md | OPS/OPS-PlaybookRunner/prompt.md | OPS/OPS-DossierIA/prompt.md
20_Agents/IT-Assistant-N2/GPT_SETUP_CARD__IT-AssistanTI_N2_v3.md,20_Agents/IT-AssistanTI_N2/00_INSTRUCTIONS.md,text_ref,P1,internal_missing,IT-Assistant-N2,OPS/OPS-RouterIA/00_INSTRUCTIONS.md | OPS/OPS-PlaybookRunner/00_INSTRUCTIONS.md | OPS/OPS-DossierIA/00_INSTRUCTIONS.md
20_Agents/IT-Assistant-N2/GPT_SETUP_CARD__IT-AssistanTI_N2_v3.md,20_Agents/IT-AssistanTI_N2/prompt.md,text_ref,P1,internal_missing,IT-Assistant-N2,OPS/OPS-RouterIA/prompt.md | OPS/OPS-PlaybookRunner/prompt.md | OPS/OPS-DossierIA/prompt.md
20_Agents/IT-Assistant-N3/04_KNOWLEDGE_INDEX.md,20_Agents/IT-AssistanTI_N3/04_EXEMPLES,text_ref,P1,internal_missing,IT-Assistant-N3,OPS/OPS-RouterIA/04-Amorces.md | OPS/OPS-PlaybookRunner/04-Amorces.md | OPS/OPS-DossierIA/04-Amorces.md
20_Agents/IT-Assistant-N3/04_KNOWLEDGE_INDEX.md,20_Agents/IT-AssistanTI_N3/prompt.md,text_ref,P1,internal_missing,IT-Assistant-N3,OPS/OPS-RouterIA/prompt.md | OPS/OPS-PlaybookRunner/prompt.md | OPS/OPS-DossierIA/prompt.md
20_Agents/IT-Assistant-N3/04_KNOWLEDGE_INDEX.md,20_Agents/IT-MaintenanceMaster/02_TEMPLATES/06_NAMING_STANDARDS,text_ref,P1,internal_missing,IT-Assistant-N3,IT-SHARED/70_KNOWLEDGE/06_NAMING_STANDARDS/NAMING_STANDARDS_v1.md | IT-SHARED/20_TEMPLATES/13_NAMING_STANDARDS/NAMING_STANDARDS_v1.md | 20_Agents/IT-SysAdmin/knowledge/NAMING_STANDARDS_v1.md
20_Agents/IT-Assistant-N3/GPT_SETUP_CARD__IT-AssistanTI_N3.md,20_Agents/IT-AssistanTI_N3/00_INSTRUCTIONS.md,text_ref,P1,internal_missing,IT-Assistant-N3,OPS/OPS-RouterIA/00_INSTRUCTIONS.md | OPS/OPS-PlaybookRunner/00_INSTRUCTIONS.md | OPS/OPS-DossierIA/00_INSTRUCTIONS.md
20_Agents/IT-Assistant-N3/GPT_SETUP_CARD__IT-AssistanTI_N3.md,20_Agents/IT-AssistanTI_N3/prompt.md,text_ref,P1,internal_missing,IT-Assistant-N3,OPS/OPS-RouterIA/prompt.md | OPS/OPS-PlaybookRunner/prompt.md | OPS/OPS-DossierIA/prompt.md
20_Agents/IT-Assistant-N3/GPT_SETUP_CARD__IT-AssistanTI_N3_v3.md,20_Agents/IT-AssistanTI_N3/00_INSTRUCTIONS.md,text_ref,P1,internal_missing,IT-Assistant-N3,OPS/OPS-RouterIA/00_INSTRUCTIONS.md | OPS/OPS-PlaybookRunner/00_INSTRUCTIONS.md | OPS/OPS-DossierIA/00_INSTRUCTIONS.md
20_Agents/IT-Assistant-N3/GPT_SETUP_CARD__IT-AssistanTI_N3_v3.md,20_Agents/IT-AssistanTI_N3/prompt.md,text_ref,P1,internal_missing,IT-Assistant-N3,OPS/OPS-RouterIA/prompt.md | OPS/OPS-PlaybookRunner/prompt.md | OPS/OPS-DossierIA/prompt.md
20_Agents/IT-Assistant-N3/GPT_SETUP_CARD__IT-AssistanTI_N3_v3.md,IT-SHARED/10_RUNBOOKS/INFRA/INFRA__RUNBOOK__AD_User_Management_V1.md,text_ref,P1,internal_missing,IT-Assistant-N3,IT-SHARED/10_RUNBOOKS/INFRA/INFRA__RB__AD_User_Management_V1.md | IT-SHARED/60_BUNDLES/BUNDLE_RUNBOOK_INFRA_AD-Operations_V1.md | IT-SHARED/10_RUNBOOKS/INFRA/INFRA__RUNBOOK__AD_DC_Operations_V1.md
20_Agents/IT-Assistant-N3/GPT_SETUP_CARD__IT-AssistanTI_N3_v3.md,IT-SHARED/10_RUNBOOKS/INFRA/INFRA__RUNBOOK__HyperV_Operations_V1.md,text_ref,P1,internal_missing,IT-Assistant-N3,IT-SHARED/10_RUNBOOKS/INFRA/INFRA__RUNBOOK__HyperV_Operations_And_Check_V1.md | IT-SHARED/10_RUNBOOKS/INFRA/INFRA__RUNBOOK__WatchGuard_Operations_V1.md | IT-SHARED/10_RUNBOOKS/INFRA/INFRA__RUNBOOK__SonicWall_Operations_V1.md
20_Agents/IT-BackupDRMaster/GPT_SETUP_CARD__IT-BackupDRMaster_v3.md,IT-SHARED/10_RUNBOOKS/NOC/INFRA__RUNBOOK__Veeam_Cloud_Operations_V1.md,text_ref,P1,internal_missing,IT-BackupDRMaster,IT-SHARED/10_RUNBOOKS/NOC/NOC__RUNBOOK__Veeam_Cloud_Operations_V1.md | IT-SHARED/10_RUNBOOKS/NOC/NOC__RUNBOOK_VEEAM_OPERATIONS_V1.md | IT-SHARED/10_RUNBOOKS/INFRA/RUNBOOK__IT_VEEAM_OPERATIONS_V1.md
20_Agents/IT-ClientDocMaster/GPT_SETUP_CARD__IT-ClientDocMaster_v3.md,IT-SHARED/20_TEMPLATES/TEMPLATE__EDOCS_FICHE_OBJET_IT.md,text_ref,P1,internal_missing,IT-ClientDocMaster,IT-SHARED/20_TEMPLATES/09_TEMPLATE_HUDU/TEMPLATE__EDOCS_FICHE_OBJET_IT.md | IT-SHARED/20_TEMPLATES/09_TEMPLATE_HUDU/TEMPLATE_HUDU_Fiche-Objet-IT_V1.md | IT-SHARED/20_TEMPLATES/14_TEMPLATE_HEALTH/INTERVENTION_TEMPLATE_IT.md
20_Agents/IT-ClientDocMaster/GPT_SETUP_CARD__IT-ClientDocMaster_v3.md,IT-SHARED/60_BUNDLES/BUNDLE_KP_IT-ClientDocMaster_V1.md,text_ref,P1,internal_missing,IT-ClientDocMaster,IT-SHARED/60_BUNDLES/BUNDLE_KP_ClientDocMaster_V1.md | IT-SHARED/60_BUNDLES/BUNDLE_KP_VoIPMaster_V1.md | IT-SHARED/60_BUNDLES/BUNDLE_KP_UrgenceMaster_V1.md
20_Agents/IT-ClientDocMaster/prompt.md,IT-SHARED/20_TEMPLATES/TEMPLATE__EDOCS_FICHE_OBJET_IT.md,text_ref,P1,internal_missing,IT-ClientDocMaster,IT-SHARED/20_TEMPLATES/09_TEMPLATE_HUDU/TEMPLATE__EDOCS_FICHE_OBJET_IT.md | IT-SHARED/20_TEMPLATES/09_TEMPLATE_HUDU/TEMPLATE_HUDU_Fiche-Objet-IT_V1.md | IT-SHARED/20_TEMPLATES/14_TEMPLATE_HEALTH/INTERVENTION_TEMPLATE_IT.md
20_Agents/IT-Commandare-Infra/prompt.md,IT-SHARED/10_RUNBOOKS/NOC/RUNBOOK__IT_INCIDENT_COMMAND_V1.md,text_ref,P1,internal_missing,IT-Commandare-Infra,IT-SHARED/10_RUNBOOKS/NOC/NOC__RUNBOOK__INCIDENT_COMMAND_V1.md | IT-SHARED/10_RUNBOOKS/RUNBOOK_MASTER__IT_v1.md | IT-SHARED/10_RUNBOOKS/SECURITY/SECURITY__RUNBOOK__IT_SECURITY_INCIDENT_RESPONSE.md
20_Agents/IT-Commandare-NOC/prompt.md,IT-SHARED/10_RUNBOOKS/NOC/RUNBOOK__IT_INCIDENT_COMMAND_V1.md,text_ref,P1,internal_missing,IT-Commandare-NOC,IT-SHARED/10_RUNBOOKS/NOC/NOC__RUNBOOK__INCIDENT_COMMAND_V1.md | IT-SHARED/10_RUNBOOKS/RUNBOOK_MASTER__IT_v1.md | IT-SHARED/10_RUNBOOKS/SECURITY/SECURITY__RUNBOOK__IT_SECURITY_INCIDENT_RESPONSE.md
20_Agents/IT-Commandare-NOC/prompt.md,IT-SHARED/10_RUNBOOKS/NOC/RUNBOOK__IT_NOC_COMMAND_CENTER.md,text_ref,P1,internal_missing,IT-Commandare-NOC,IT-SHARED/10_RUNBOOKS/NOC/NOC__RUNBOOK__NOC_COMMAND_CENTER.md | IT-SHARED/10_RUNBOOKS/NOC/NOC__RUNBOOK__INCIDENT_COMMAND_V1.md | IT-SHARED/10_RUNBOOKS/NOC/NOC_RUNBOOK__IT_NETWORK_DIAGNOSTIC_V1.md
20_Agents/IT-Commandare-NOC/prompt.md,IT-SHARED/10_RUNBOOKS/NOC/RUNBOOK__IT_NOC_DISPATCH.md,text_ref,P1,internal_missing,IT-Commandare-NOC,IT-SHARED/10_RUNBOOKS/NOC/NOC__RUNBOOK__DISPATCH.md | IT-SHARED/10_RUNBOOKS/SUPPORT/RUNBOOK__IT_MSP_CONNECTWISE_DISPATCH_V1.md | IT-SHARED/10_RUNBOOKS/SUPPORT/99_ARCHIVE/RUNBOOK__IT_MSP_CONNECTWISE_DISPATCH_V1.md
20_Agents/IT-Commandare-OPR/prompt.md,IT-SHARED/10_RUNBOOKS/SUPPORT/RUNBOOK__IT_COMMANDARE_OPR.md,text_ref,P1,internal_missing,IT-Commandare-OPR,IT-SHARED/10_RUNBOOKS/SUPPORT/SUPPORT__RUNBOOK__COMMANDARE_OPR.md | IT-SHARED/10_RUNBOOKS/SUPPORT/RUNBOOK__IT_COMMANDARE_TECH.md | IT-SHARED/10_RUNBOOKS/MAINTENANCE/RUNBOOK__IT_COMMANDARE_TECH.md
20_Agents/IT-FrontLine/GPT_SETUP_CARD__IT-AssistanTI_FrontLine.md,20_Agents/IT-AssistanTI_FrontLine/00_INSTRUCTIONS.md,text_ref,P1,internal_missing,IT-FrontLine,OPS/OPS-RouterIA/00_INSTRUCTIONS.md | OPS/OPS-PlaybookRunner/00_INSTRUCTIONS.md | OPS/OPS-DossierIA/00_INSTRUCTIONS.md
20_Agents/IT-FrontLine/GPT_SETUP_CARD__IT-AssistanTI_FrontLine.md,20_Agents/IT-AssistanTI_FrontLine/prompt.md,text_ref,P1,internal_missing,IT-FrontLine,OPS/OPS-RouterIA/prompt.md | OPS/OPS-PlaybookRunner/prompt.md | OPS/OPS-DossierIA/prompt.md
20_Agents/IT-FrontLine/GPT_SETUP_CARD__IT-AssistanTI_FrontLine_v3.md,20_Agents/IT-AssistanTI_FrontLine/00_INSTRUCTIONS.md,text_ref,P1,internal_missing,IT-FrontLine,OPS/OPS-RouterIA/00_INSTRUCTIONS.md | OPS/OPS-PlaybookRunner/00_INSTRUCTIONS.md | OPS/OPS-DossierIA/00_INSTRUCTIONS.md
20_Agents/IT-FrontLine/GPT_SETUP_CARD__IT-AssistanTI_FrontLine_v3.md,20_Agents/IT-AssistanTI_FrontLine/prompt.md,text_ref,P1,internal_missing,IT-FrontLine,OPS/OPS-RouterIA/prompt.md | OPS/OPS-PlaybookRunner/prompt.md | OPS/OPS-DossierIA/prompt.md
20_Agents/IT-KnowledgeKeeper/00_INSTRUCTIONS.md,IT-SHARED/80_EXEMPLES/EXAMPLES_CLOSE_CW_REELS.md,text_ref,P1,internal_missing,IT-KnowledgeKeeper,IT-SHARED/80_EXEMPLES/EXEMPLES_CLOSE_CW_REELS.md | IT-SHARED/20_TEMPLATES/01_TEMPLATE_CW/EXEMPLES_CLOSE_CW_REELS.md | IT-SHARED/20_TEMPLATES/01_TEMPLATE_CW/TEMPLATE_BUNDLE_CW_CLOSE.md
20_Agents/IT-KnowledgeKeeper/prompt.md,IT-SHARED/20_TEMPLATES/TEMPLATE__KB_Article.md,text_ref,P1,internal_missing,IT-KnowledgeKeeper,IT-SHARED/20_TEMPLATES/09_TEMPLATE_HUDU/TEMPLATE__KB_Article.md | IT-SHARED/20_TEMPLATES/05_TEMPLATE_KNOWLEDGE/TEMPLATE_KNOWLEDGE_KB-Article-et-Procedure_V1.md | IT-SHARED/80_EXEMPLES/TEMPLATE_PENDINGREBOOT.md
20_Agents/IT-MaintenanceMaster/GPT_SETUP_CARD__IT-MaintenanceMaster_v3.md,IT-SHARED/10_RUNBOOKS/MAINTENANCE/MAINTENANCE__RUNBOOK__Server_Health_Check_V1.md,text_ref,P1,internal_missing,IT-MaintenanceMaster,IT-SHARED/60_BUNDLES/BUNDLE_RUNBOOK_MAINTENANCE_Server-Health_V1.md | IT-SHARED/20_TEMPLATES/14_TEMPLATE_HEALTH/TEMPLATE__Server_Health_Check.md | IT-SHARED/10_RUNBOOKS/INFRA/TEMPLATE__Server_Health_Check.md
20_Agents/IT-MaintenanceMaster/GPT_SETUP_CARD__IT-MaintenanceMaster_v3.md,IT-SHARED/10_RUNBOOKS/MAINTENANCE/MAINTENANCE__RUNBOOK__WSUS_Maintenance_V1.md,text_ref,P1,internal_missing,IT-MaintenanceMaster,IT-SHARED/10_RUNBOOKS/MAINTENANCE/MAINT__RB__WSUS_Maintenance_V1.md | IT-SHARED/60_BUNDLES/BUNDLE_RUNBOOK_MAINTENANCE_Server-Health_V1.md | IT-SHARED/60_BUNDLES/BUNDLE_RUNBOOK_MAINTENANCE_Patching-Windows_V1.md
20_Agents/IT-MaintenanceMaster/GPT_SETUP_CARD__IT-MaintenanceMaster_v3.md,IT-SHARED/10_RUNBOOKS/MAINTENANCE/RUNBOOK_MAINT__Windows_Patching_COMPLET_V2.md,text_ref,P1,internal_missing,IT-MaintenanceMaster,IT-SHARED/10_RUNBOOKS/MAINTENANCE/99_ARCHIVE/RUNBOOK__Windows_Patching.md | IT-SHARED/10_RUNBOOKS/MAINTENANCE/MAINT_RB_Windows_Patching.md | IT-SHARED/10_RUNBOOKS/MAINTENANCE/MAINT_RB_Patching_COMPLET.md
20_Agents/IT-MaintenanceMaster/GPT_SETUP_CARD__IT-MaintenanceMaster_v3.md,IT-SHARED/10_RUNBOOKS/MAINTENANCE/RUNBOOK__Post_Shutdown_Electrical_Validation.md,text_ref,P1,internal_missing,IT-MaintenanceMaster,IT-SHARED/10_RUNBOOKS/INFRA/RUNBOOK__Post_Shutdown_Electrical_Validation.md | IT-SHARED/10_RUNBOOKS/INFRA/99_ARCHIVE/RUNBOOK__Post_Shutdown_Electrical_Validation.md | IT-SHARED/10_RUNBOOKS/MAINTENANCE/MAINT_RB_Post_Shutdown_Electrical_Validation.md
20_Agents/IT-MaintenanceMaster/GPT_SETUP_CARD__IT-MaintenanceMaster_v3.md,IT-SHARED/20_TEMPLATES/TEMPLATE__CW_NOTE_INTERNE.md,text_ref,P1,internal_missing,IT-MaintenanceMaster,IT-SHARED/20_TEMPLATES/01_TEMPLATE_CW/TEMPLATE__CW_NOTE_INTERNE.md | IT-SHARED/20_TEMPLATES/01_TEMPLATE_CW/TEMPLATE_CW_Note-Interne_V1.md | IT-SHARED/20_TEMPLATES/01_TEMPLATE_CW/TEMPLATE__CW_NOTE_INTERNE__PER_ASSET.md
20_Agents/IT-MaintenanceMaster/prompt.md,IT-SHARED/10_RUNBOOKS/MAINTENANCE/RUNBOOK__Windows_Patching.md,text_ref,P1,internal_missing,IT-MaintenanceMaster,IT-SHARED/10_RUNBOOKS/MAINTENANCE/99_ARCHIVE/RUNBOOK__Windows_Patching.md | IT-SHARED/10_RUNBOOKS/MAINTENANCE/99_ARCHIVE/RUNBOOK__Patching_Process.md | IT-SHARED/60_BUNDLES/BUNDLE_RUNBOOK_MAINTENANCE_Patching-Windows_V1.md
20_Agents/IT-MaintenanceMaster/prompt.md,IT-SHARED/10_RUNBOOKS/MAINTENANCE/RUNBOOK__Windows_Patching_COMPLET_V2.md,text_ref,P1,internal_missing,IT-MaintenanceMaster,IT-SHARED/10_RUNBOOKS/MAINTENANCE/99_ARCHIVE/RUNBOOK__Windows_Patching.md | IT-SHARED/60_BUNDLES/BUNDLE_RUNBOOK_MAINTENANCE_Patching-Windows_V1.md | IT-SHARED/10_RUNBOOKS/MAINTENANCE/99_ARCHIVE/RUNBOOK__Windows_Patching_CW_RMM_OneByOne.md
20_Agents/IT-MaintenanceMaster/prompt.md,IT-SHARED/20_TEMPLATES/TEMPLATE__CW_NOTE_INTERNE.md,text_ref,P1,internal_missing,IT-MaintenanceMaster,IT-SHARED/20_TEMPLATES/01_TEMPLATE_CW/TEMPLATE__CW_NOTE_INTERNE.md | IT-SHARED/20_TEMPLATES/01_TEMPLATE_CW/TEMPLATE_CW_Note-Interne_V1.md | IT-SHARED/20_TEMPLATES/01_TEMPLATE_CW/TEMPLATE__CW_NOTE_INTERNE__PER_ASSET.md
20_Agents/IT-NOCDispatcher/prompt.md,IT-SHARED/10_RUNBOOKS/NOC/RUNBOOK__IT_NOC_DISPATCH.md,text_ref,P1,internal_missing,IT-NOCDispatcher,IT-SHARED/10_RUNBOOKS/NOC/NOC__RUNBOOK__DISPATCH.md | IT-SHARED/10_RUNBOOKS/SUPPORT/RUNBOOK__IT_MSP_CONNECTWISE_DISPATCH_V1.md | IT-SHARED/10_RUNBOOKS/SUPPORT/99_ARCHIVE/RUNBOOK__IT_MSP_CONNECTWISE_DISPATCH_V1.md
20_Agents/IT-ReportMaster/prompt.md,IT-SHARED/20_TEMPLATES/TEMPLATE__RAPPORT_MENSUEL_V1.md,text_ref,P1,internal_missing,IT-ReportMaster,IT-SHARED/20_TEMPLATES/08_TEMPLATE_REPORTS/TEMPLATE__RAPPORT_MENSUEL_V1.md | IT-SHARED/20_TEMPLATES/08_TEMPLATE_REPORTS/TEMPLATE_REPORT_Mensuel_V1.md | IT-SHARED/20_TEMPLATES/TEMPLATE__QBR_REPORT_V1.md
20_Agents/IT-SysAdmin/GPT_SETUP_CARD__IT-SysAdmin_v3.md,IT-SHARED/10_RUNBOOKS/INFRA/INFRA__RUNBOOK__AD_User_Management_V1.md,text_ref,P1,internal_missing,IT-SysAdmin,IT-SHARED/10_RUNBOOKS/INFRA/INFRA__RB__AD_User_Management_V1.md | IT-SHARED/60_BUNDLES/BUNDLE_RUNBOOK_INFRA_AD-Operations_V1.md | IT-SHARED/10_RUNBOOKS/INFRA/INFRA__RUNBOOK__AD_DC_Operations_V1.md
20_Agents/IT-SysAdmin/GPT_SETUP_CARD__IT-SysAdmin_v3.md,IT-SHARED/10_RUNBOOKS/INFRA/INFRA__RUNBOOK__HyperV_Operations_V1.md,text_ref,P1,internal_missing,IT-SysAdmin,IT-SHARED/10_RUNBOOKS/INFRA/INFRA__RUNBOOK__HyperV_Operations_And_Check_V1.md | IT-SHARED/10_RUNBOOKS/INFRA/INFRA__RUNBOOK__WatchGuard_Operations_V1.md | IT-SHARED/10_RUNBOOKS/INFRA/INFRA__RUNBOOK__SonicWall_Operations_V1.md
20_Agents/IT-SysAdmin/GPT_SETUP_CARD__IT-SysAdmin_v3.md,IT-SHARED/10_RUNBOOKS/MAINTENANCE/MAINTENANCE__RUNBOOK__Server_Health_Check_V1.md,text_ref,P1,internal_missing,IT-SysAdmin,IT-SHARED/60_BUNDLES/BUNDLE_RUNBOOK_MAINTENANCE_Server-Health_V1.md | IT-SHARED/20_TEMPLATES/14_TEMPLATE_HEALTH/TEMPLATE__Server_Health_Check.md | IT-SHARED/10_RUNBOOKS/INFRA/TEMPLATE__Server_Health_Check.md
20_Agents/IT-SysAdmin/GPT_SETUP_CARD__IT-SysAdmin_v3.md,IT-SHARED/10_RUNBOOKS/MAINTENANCE/MAINTENANCE__RUNBOOK__WSUS_Maintenance_V1.md,text_ref,P1,internal_missing,IT-SysAdmin,IT-SHARED/10_RUNBOOKS/MAINTENANCE/MAINT__RB__WSUS_Maintenance_V1.md | IT-SHARED/60_BUNDLES/BUNDLE_RUNBOOK_MAINTENANCE_Server-Health_V1.md | IT-SHARED/60_BUNDLES/BUNDLE_RUNBOOK_MAINTENANCE_Patching-Windows_V1.md
20_Agents/IT-SysAdmin/GPT_SETUP_CARD__IT-SysAdmin_v3.md,IT-SHARED/10_RUNBOOKS/MAINTENANCE/RUNBOOK_MAINT__Windows_Patching_COMPLET_V2.md,text_ref,P1,internal_missing,IT-SysAdmin,IT-SHARED/10_RUNBOOKS/MAINTENANCE/99_ARCHIVE/RUNBOOK__Windows_Patching.md | IT-SHARED/10_RUNBOOKS/MAINTENANCE/MAINT_RB_Windows_Patching.md | IT-SHARED/10_RUNBOOKS/MAINTENANCE/MAINT_RB_Patching_COMPLET.md
20_Agents/IT-SysAdmin/prompt.md,IT-SHARED/10_RUNBOOKS/MAINTENANCE/RUNBOOK__Windows_Patching.md,text_ref,P1,internal_missing,IT-SysAdmin,IT-SHARED/10_RUNBOOKS/MAINTENANCE/99_ARCHIVE/RUNBOOK__Windows_Patching.md | IT-SHARED/10_RUNBOOKS/MAINTENANCE/99_ARCHIVE/RUNBOOK__Patching_Process.md | IT-SHARED/60_BUNDLES/BUNDLE_RUNBOOK_MAINTENANCE_Patching-Windows_V1.md
20_Agents/IT-SysAdmin/prompt.md,IT-SHARED/10_RUNBOOKS/MAINTENANCE/RUNBOOK__Windows_Patching_COMPLET_V2.md,text_ref,P1,internal_missing,IT-SysAdmin,IT-SHARED/10_RUNBOOKS/MAINTENANCE/99_ARCHIVE/RUNBOOK__Windows_Patching.md | IT-SHARED/60_BUNDLES/BUNDLE_RUNBOOK_MAINTENANCE_Patching-Windows_V1.md | IT-SHARED/10_RUNBOOKS/MAINTENANCE/99_ARCHIVE/RUNBOOK__Windows_Patching_CW_RMM_OneByOne.md
20_Agents/IT-SysAdmin/prompt.md,IT-SHARED/10_RUNBOOKS/NOC/RUNBOOK__IT_BACKUP_DR_TEST_V1.md,text_ref,P1,internal_missing,IT-SysAdmin,IT-SHARED/10_RUNBOOKS/INFRA/RUNBOOK__IT_BACKUP_DR_TEST_V1.md | IT-SHARED/10_RUNBOOKS/INFRA/99_ARCHIVE/RUNBOOK__IT_BACKUP_DR_TEST_V1.md | IT-SHARED/10_RUNBOOKS/NOC/NOC__RUNBOOK__BACKUP_DR_TEST_V1.md
20_Agents/IT-SysAdmin/prompt.md,IT-SHARED/10_RUNBOOKS/NOC/RUNBOOK__IT_VEEAM_OPERATIONS_V1.md,text_ref,P1,internal_missing,IT-SysAdmin,IT-SHARED/10_RUNBOOKS/INFRA/RUNBOOK__IT_VEEAM_OPERATIONS_V1.md | IT-SHARED/10_RUNBOOKS/NOC/NOC__RUNBOOK_VEEAM_OPERATIONS_V1.md | IT-SHARED/60_BUNDLES/BUNDLE_RUNBOOK_BACKUP_Veeam-Operations_V1.md
20_Agents/IT-SysAdmin/prompt.md,IT-SHARED/10_RUNBOOKS/RUNBOOK_MENU_CONTEXTUEL_V4.md,text_ref,P1,internal_missing,IT-SysAdmin,IT-SHARED/RUNBOOK_MENU_CONTEXTUEL_V4.md | IT-SHARED/20_TEMPLATES/01_TEMPLATE_CW/RUNBOOK_MENU_CONTEXTUEL_V4.md | IT-SHARED/10_RUNBOOKS/SECURITY/SECURITY__RUNBOOK__Security_Audit.md
20_Agents/IT-SysAdmin/prompt.md,IT-SHARED/20_TEMPLATES/TEMPLATE__CW_NOTE_INTERNE.md,text_ref,P1,internal_missing,IT-SysAdmin,IT-SHARED/20_TEMPLATES/01_TEMPLATE_CW/TEMPLATE__CW_NOTE_INTERNE.md | IT-SHARED/20_TEMPLATES/01_TEMPLATE_CW/TEMPLATE_CW_Note-Interne_V1.md | IT-SHARED/20_TEMPLATES/01_TEMPLATE_CW/TEMPLATE__CW_NOTE_INTERNE__PER_ASSET.md
20_Agents/IT-TicketScribe/00_INSTRUCTIONS.md,IT-SHARED/80_EXEMPLES/EXAMPLES_CLOSE_CW_REELS.md,text_ref,P1,internal_missing,IT-TicketScribe,IT-SHARED/80_EXEMPLES/EXEMPLES_CLOSE_CW_REELS.md | IT-SHARED/20_TEMPLATES/01_TEMPLATE_CW/EXEMPLES_CLOSE_CW_REELS.md | IT-SHARED/20_TEMPLATES/01_TEMPLATE_CW/TEMPLATE_BUNDLE_CW_CLOSE.md
20_Agents/IT-TicketScribe/prompt.md,IT-SHARED/20_TEMPLATES/TEMPLATE__CW_DISCUSSION_STAR.md,text_ref,P1,internal_missing,IT-TicketScribe,IT-SHARED/20_TEMPLATES/01_TEMPLATE_CW/TEMPLATE__CW_DISCUSSION_STAR.md | IT-SHARED/20_TEMPLATES/01_TEMPLATE_CW/TEMPLATE_CW_Discussion-STAR_V1.md | IT-SHARED/20_TEMPLATES/01_TEMPLATE_CW/TEMPLATE__CW_DISCUSSION.md
20_Agents/IT-TicketScribe/prompt.md,IT-SHARED/20_TEMPLATES/TEMPLATE__CW_NOTE_INTERNE.md,text_ref,P1,internal_missing,IT-TicketScribe,IT-SHARED/20_TEMPLATES/01_TEMPLATE_CW/TEMPLATE__CW_NOTE_INTERNE.md | IT-SHARED/20_TEMPLATES/01_TEMPLATE_CW/TEMPLATE_CW_Note-Interne_V1.md | IT-SHARED/20_TEMPLATES/01_TEMPLATE_CW/TEMPLATE__CW_NOTE_INTERNE__PER_ASSET.md
20_Agents/IT-TicketScribe/prompt.md,IT-SHARED/20_TEMPLATES/TEMPLATE__EMAIL_CLIENT.md,text_ref,P1,internal_missing,IT-TicketScribe,IT-SHARED/20_TEMPLATES/01_TEMPLATE_CW/TEMPLATE__EMAIL_CLIENT.md | IT-SHARED/20_TEMPLATES/01_TEMPLATE_CW/TEMPLATE_CW_Email-Client_V1.md | IT-SHARED/80_EXEMPLES/TEMPLATE_PENDINGREBOOT.md
20_Agents/IT-UrgenceMaster/04_KNOWLEDGE_INDEX.md,IT-SHARED/KB,text_ref,P1,internal_missing,IT-UrgenceMaster,IT-SHARED/90_KB/KB_DHCP_DIAG | IT-SHARED/20_TEMPLATES/09_TEMPLATE_HUDU/TEMPLATE__KB_Article.md | IT-SHARED/90_KB/KB-VEEAM-001_Probe-RMM-VMware.md
20_Agents/IT-UrgenceMaster/prompt.md,IT-SHARED/10_RUNBOOKS/NOC/RUNBOOK__IT_INCIDENT_COMMAND_V1.md,text_ref,P1,internal_missing,IT-UrgenceMaster,IT-SHARED/10_RUNBOOKS/NOC/NOC__RUNBOOK__INCIDENT_COMMAND_V1.md | IT-SHARED/10_RUNBOOKS/RUNBOOK_MASTER__IT_v1.md | IT-SHARED/10_RUNBOOKS/SECURITY/SECURITY__RUNBOOK__IT_SECURITY_INCIDENT_RESPONSE.md
20_Agents/IT-UrgenceMaster/prompt.md,IT-SHARED/10_RUNBOOKS/NOC/RUNBOOK__IT_NOC_FRONTDOOR_v2.md,text_ref,P1,internal_missing,IT-UrgenceMaster,IT-SHARED/10_RUNBOOKS/NOC/NOC__RUNBOOK__FRONTDOOR_v2.md | IT-SHARED/10_RUNBOOKS/NOC/NOC_RUNBOOK__IT_NETWORK_DIAGNOSTIC_V1.md | IT-SHARED/10_RUNBOOKS/NOC/NOC__RUNBOOK__DISPATCH.md
OPS/OPS-DossierIA/README.md,OPS/OPS-DossierIA/artifacts/DOSSIER__,text_ref,P1,internal_missing,OPS-DossierIA,
OPS/OPS-DossierIA/prompt.md,OPS/OPS-DossierIA/artifacts/DOSSIER__,text_ref,P1,internal_missing,OPS-DossierIA,
OPS/OPS-PlaybookRunner/README.md,OPS/OPS-PlaybookRunner/artifacts/run_,text_ref,P1,internal_missing,OPS-PlaybookRunner,
OPS/OPS-PlaybookRunner/contract.yaml,00_INDEX/playbooks_index.yaml,text_ref,P1,internal_missing,OPS-PlaybookRunner,playbooks/playbooks.yaml | 00_INDEX/agents_index.yaml | 00_INDEX/KNOWLEDGE_INDEX.yaml
OPS/OPS-PlaybookRunner/prompt.md,00_INDEX/playbooks_index.yaml,text_ref,P1,internal_missing,OPS-PlaybookRunner,playbooks/playbooks.yaml | 00_INDEX/agents_index.yaml | 00_INDEX/KNOWLEDGE_INDEX.yaml
OPS/OPS-PlaybookRunner/prompt.md,OPS/OPS-PlaybookRunner/artifacts/run_,text_ref,P1,internal_missing,OPS-PlaybookRunner,
OPS/OPS-RouterIA/README.md,OPS/OPS-RouterIA/artifacts/routing_log_,text_ref,P1,internal_missing,OPS-RouterIA,80_MACHINES/hub_routing.yaml | IT-SHARED/20_TEMPLATES/06_TEMPLATE _INCIDENT/TEMPLATE__INCIDENT_LOG.md | 20_Agents/IT-Commandare-TECH/IT_Commandare_TECH_KnowledgePack_v1/IT__Routing_Rules.md
OPS/OPS-RouterIA/README.md,OPS/OPS-RouterIA/artifacts/routing_metrics_,text_ref,P1,internal_missing,OPS-RouterIA,IT-SHARED/50_REFERENCE/REFERENCE__Metrics.md | 80_MACHINES/hub_routing.yaml | 20_Agents/IT-Commandare-TECH/IT_Commandare_TECH_KnowledgePack_v1/IT__Routing_Rules.md
OPS/OPS-RouterIA/prompt.md,OPS/OPS-RouterIA/artifacts/routing_log_,text_ref,P1,internal_missing,OPS-RouterIA,80_MACHINES/hub_routing.yaml | IT-SHARED/20_TEMPLATES/06_TEMPLATE _INCIDENT/TEMPLATE__INCIDENT_LOG.md | 20_Agents/IT-Commandare-TECH/IT_Commandare_TECH_KnowledgePack_v1/IT__Routing_Rules.md
IT-SHARED/10_RUNBOOKS/00_POLICIES/GUARDRAILS__IT_AGENTS_MASTER.md,50_POLICIES/ops/incident_severity.md,text_ref,P2,external_dependency,,IT-SHARED/20_TEMPLATES/08_TEMPLATE_REPORTS/TEMPLATE__INCIDENT_REPORT.md | IT-SHARED/20_TEMPLATES/06_TEMPLATE _INCIDENT/TEMPLATE__INCIDENT_LOG.md | IT-SHARED/20_TEMPLATES/06_TEMPLATE _INCIDENT/TEMPLATE__INCIDENT_CRITIQUE.md
IT-SHARED/10_RUNBOOKS/00_POLICIES/GUARDRAILS__IT_AGENTS_MASTER.md,50_POLICIES/ops/logging_schema.md,text_ref,P2,external_dependency,,README.md | OPS/OPS-RouterIA/tools/tools.md | OPS/OPS-RouterIA/prompt.md
IT-SHARED/10_RUNBOOKS/00_POLICIES/GUARDRAILS__IT_AGENTS_MASTER.md,50_POLICIES/ops/sla.md,text_ref,P2,external_dependency,,IT-SHARED/50_REFERENCE/REFERENCE__SLA_Matrix.md | 20_Agents/IT-NOCDispatcher/knowledge/REFERENCE__SLA_Matrix.md | 20_Agents/IT-FrontLine/knowledge/REFERENCE__SLA_FrontLine.md
IT-SHARED/10_RUNBOOKS/RUNBOOK_MASTER__IT_v1.md,40_RUNBOOKS/LEGACY_MD/01_it_msp_ticket_to_kb.md,text_ref,P2,external_dependency,,IT-SHARED/10_RUNBOOKS/SUPPORT/RUNBOOK__IT_MSP_TICKET_TO_KB.md | IT-SHARED/10_RUNBOOKS/SUPPORT/99_ARCHIVE/RUNBOOK__IT_MSP_TICKET_TO_KB.md | IT-SHARED/10_RUNBOOKS/SUPPORT/SUPPORT__RUNBOOK__IT_MSP_TICKET_TO_KB.md
IT-SHARED/10_RUNBOOKS/RUNBOOK_MASTER__IT_v1.md,40_RUNBOOKS/playbooks.yaml,text_ref,P2,external_dependency,,playbooks/playbooks.yaml | OPS/OPS-RouterIA/tests.yaml | OPS/OPS-RouterIA/memory/glossary.yaml
IT-SHARED/10_RUNBOOKS/RUNBOOK_MASTER__IT_v1.md,50_POLICIES/POLICIES__INDEX.md,text_ref,P2,external_dependency,,20_Agents/IT-VoIPMaster/04_KNOWLEDGE_INDEX.md | 20_Agents/IT-UrgenceMaster/04_KNOWLEDGE_INDEX.md | 20_Agents/IT-TicketScribe/04_KNOWLEDGE_INDEX.md
IT-SHARED/10_RUNBOOKS/RUNBOOK_MASTER__IT_v1.md,50_POLICIES/ops/incident_severity.md,text_ref,P2,external_dependency,,IT-SHARED/20_TEMPLATES/08_TEMPLATE_REPORTS/TEMPLATE__INCIDENT_REPORT.md | IT-SHARED/20_TEMPLATES/06_TEMPLATE _INCIDENT/TEMPLATE__INCIDENT_LOG.md | IT-SHARED/20_TEMPLATES/06_TEMPLATE _INCIDENT/TEMPLATE__INCIDENT_CRITIQUE.md
IT-SHARED/10_RUNBOOKS/RUNBOOK_MASTER__IT_v1.md,50_POLICIES/ops/logging_schema.md,text_ref,P2,external_dependency,,README.md | OPS/OPS-RouterIA/tools/tools.md | OPS/OPS-RouterIA/prompt.md
IT-SHARED/10_RUNBOOKS/RUNBOOK_MASTER__IT_v1.md,50_POLICIES/ops/sla.md,text_ref,P2,external_dependency,,IT-SHARED/50_REFERENCE/REFERENCE__SLA_Matrix.md | 20_Agents/IT-NOCDispatcher/knowledge/REFERENCE__SLA_Matrix.md | 20_Agents/IT-FrontLine/knowledge/REFERENCE__SLA_FrontLine.md
IT-SHARED/10_RUNBOOKS/SUPPORT/RUNBOOK__IT_MSP_TICKET_TO_KB.md,40_RUNBOOKS/LEGACY_MD/01_it_msp_ticket_to_kb.md,text_ref,P2,external_dependency,,IT-SHARED/10_RUNBOOKS/SUPPORT/RUNBOOK__IT_MSP_TICKET_TO_KB.md | IT-SHARED/10_RUNBOOKS/SUPPORT/99_ARCHIVE/RUNBOOK__IT_MSP_TICKET_TO_KB.md | IT-SHARED/10_RUNBOOKS/SUPPORT/SUPPORT__RUNBOOK__IT_MSP_TICKET_TO_KB.md
IT-SHARED/10_RUNBOOKS/SUPPORT/RUNBOOK__IT_MSP_TICKET_TO_KB.md,40_RUNBOOKS/playbooks.yaml,text_ref,P2,external_dependency,,playbooks/playbooks.yaml | OPS/OPS-RouterIA/tests.yaml | OPS/OPS-RouterIA/memory/glossary.yaml
IT-SHARED/10_RUNBOOKS/SUPPORT/RUNBOOK__IT_MSP_TICKET_TO_KB.md,50_POLICIES/ops/incident_severity.md,text_ref,P2,external_dependency,,IT-SHARED/20_TEMPLATES/08_TEMPLATE_REPORTS/TEMPLATE__INCIDENT_REPORT.md | IT-SHARED/20_TEMPLATES/06_TEMPLATE _INCIDENT/TEMPLATE__INCIDENT_LOG.md | IT-SHARED/20_TEMPLATES/06_TEMPLATE _INCIDENT/TEMPLATE__INCIDENT_CRITIQUE.md
IT-SHARED/10_RUNBOOKS/SUPPORT/RUNBOOK__IT_MSP_TICKET_TO_KB.md,50_POLICIES/ops/logging_schema.md,text_ref,P2,external_dependency,,README.md | OPS/OPS-RouterIA/tools/tools.md | OPS/OPS-RouterIA/prompt.md
IT-SHARED/10_RUNBOOKS/SUPPORT/RUNBOOK__IT_MSP_TICKET_TO_KB.md,50_POLICIES/ops/sla.md,text_ref,P2,external_dependency,,IT-SHARED/50_REFERENCE/REFERENCE__SLA_Matrix.md | 20_Agents/IT-NOCDispatcher/knowledge/REFERENCE__SLA_Matrix.md | 20_Agents/IT-FrontLine/knowledge/REFERENCE__SLA_FrontLine.md
IT-SHARED/10_RUNBOOKS/SUPPORT/SUPPORT__RUNBOOK__IT_MSP_TICKET_TO_KB.md,40_RUNBOOKS/LEGACY_MD/01_it_msp_ticket_to_kb.md,text_ref,P2,external_dependency,,IT-SHARED/10_RUNBOOKS/SUPPORT/RUNBOOK__IT_MSP_TICKET_TO_KB.md | IT-SHARED/10_RUNBOOKS/SUPPORT/99_ARCHIVE/RUNBOOK__IT_MSP_TICKET_TO_KB.md | IT-SHARED/10_RUNBOOKS/SUPPORT/SUPPORT__RUNBOOK__IT_MSP_TICKET_TO_KB.md
IT-SHARED/10_RUNBOOKS/SUPPORT/SUPPORT__RUNBOOK__IT_MSP_TICKET_TO_KB.md,40_RUNBOOKS/playbooks.yaml,text_ref,P2,external_dependency,,playbooks/playbooks.yaml | OPS/OPS-RouterIA/tests.yaml | OPS/OPS-RouterIA/memory/glossary.yaml
IT-SHARED/10_RUNBOOKS/SUPPORT/SUPPORT__RUNBOOK__IT_MSP_TICKET_TO_KB.md,50_POLICIES/ops/incident_severity.md,text_ref,P2,external_dependency,,IT-SHARED/20_TEMPLATES/08_TEMPLATE_REPORTS/TEMPLATE__INCIDENT_REPORT.md | IT-SHARED/20_TEMPLATES/06_TEMPLATE _INCIDENT/TEMPLATE__INCIDENT_LOG.md | IT-SHARED/20_TEMPLATES/06_TEMPLATE _INCIDENT/TEMPLATE__INCIDENT_CRITIQUE.md
IT-SHARED/10_RUNBOOKS/SUPPORT/SUPPORT__RUNBOOK__IT_MSP_TICKET_TO_KB.md,50_POLICIES/ops/logging_schema.md,text_ref,P2,external_dependency,,README.md | OPS/OPS-RouterIA/tools/tools.md | OPS/OPS-RouterIA/prompt.md
IT-SHARED/10_RUNBOOKS/SUPPORT/SUPPORT__RUNBOOK__IT_MSP_TICKET_TO_KB.md,50_POLICIES/ops/sla.md,text_ref,P2,external_dependency,,IT-SHARED/50_REFERENCE/REFERENCE__SLA_Matrix.md | 20_Agents/IT-NOCDispatcher/knowledge/REFERENCE__SLA_Matrix.md | 20_Agents/IT-FrontLine/knowledge/REFERENCE__SLA_FrontLine.md
IT-SHARED/60_BUNDLES/BUNDLE_RUNBOOKS_IT_NOC_URGENCE.md,40_RUNBOOKS/playbooks.yaml,text_ref,P2,external_dependency,,playbooks/playbooks.yaml | OPS/OPS-RouterIA/tests.yaml | OPS/OPS-RouterIA/memory/glossary.yaml
IT-SHARED/60_BUNDLES/BUNDLE_RUNBOOKS_IT_NOC_URGENCE.md,50_POLICIES/POLICIES__INDEX.md,text_ref,P2,external_dependency,,20_Agents/IT-VoIPMaster/04_KNOWLEDGE_INDEX.md | 20_Agents/IT-UrgenceMaster/04_KNOWLEDGE_INDEX.md | 20_Agents/IT-TicketScribe/04_KNOWLEDGE_INDEX.md
IT-SHARED/60_BUNDLES/BUNDLE_RUNBOOKS_IT_NOC_URGENCE.md,50_POLICIES/ops/incident_severity.md,text_ref,P2,external_dependency,,IT-SHARED/20_TEMPLATES/08_TEMPLATE_REPORTS/TEMPLATE__INCIDENT_REPORT.md | IT-SHARED/20_TEMPLATES/06_TEMPLATE _INCIDENT/TEMPLATE__INCIDENT_LOG.md | IT-SHARED/20_TEMPLATES/06_TEMPLATE _INCIDENT/TEMPLATE__INCIDENT_CRITIQUE.md
IT-SHARED/60_BUNDLES/BUNDLE_RUNBOOKS_IT_NOC_URGENCE.md,50_POLICIES/ops/logging_schema.md,text_ref,P2,external_dependency,,README.md | OPS/OPS-RouterIA/tools/tools.md | OPS/OPS-RouterIA/prompt.md
IT-SHARED/60_BUNDLES/BUNDLE_RUNBOOKS_IT_NOC_URGENCE.md,50_POLICIES/ops/sla.md,text_ref,P2,external_dependency,,IT-SHARED/50_REFERENCE/REFERENCE__SLA_Matrix.md | 20_Agents/IT-NOCDispatcher/knowledge/REFERENCE__SLA_Matrix.md | 20_Agents/IT-FrontLine/knowledge/REFERENCE__SLA_FrontLine.md
IT-SHARED/60_BUNDLES/BUNDLE_RUNBOOKS_IT_RESEAU_VOIP.md,40_RUNBOOKS/playbooks.yaml,text_ref,P2,external_dependency,,playbooks/playbooks.yaml | OPS/OPS-RouterIA/tests.yaml | OPS/OPS-RouterIA/memory/glossary.yaml
IT-SHARED/60_BUNDLES/BUNDLE_RUNBOOKS_IT_RESEAU_VOIP.md,50_POLICIES/ops/incident_severity.md,text_ref,P2,external_dependency,,IT-SHARED/20_TEMPLATES/08_TEMPLATE_REPORTS/TEMPLATE__INCIDENT_REPORT.md | IT-SHARED/20_TEMPLATES/06_TEMPLATE _INCIDENT/TEMPLATE__INCIDENT_LOG.md | IT-SHARED/20_TEMPLATES/06_TEMPLATE _INCIDENT/TEMPLATE__INCIDENT_CRITIQUE.md
IT-SHARED/60_BUNDLES/BUNDLE_RUNBOOKS_IT_RESEAU_VOIP.md,50_POLICIES/ops/logging_schema.md,text_ref,P2,external_dependency,,README.md | OPS/OPS-RouterIA/tools/tools.md | OPS/OPS-RouterIA/prompt.md
IT-SHARED/60_BUNDLES/BUNDLE_RUNBOOKS_IT_RESEAU_VOIP.md,50_POLICIES/ops/sla.md,text_ref,P2,external_dependency,,IT-SHARED/50_REFERENCE/REFERENCE__SLA_Matrix.md | 20_Agents/IT-NOCDispatcher/knowledge/REFERENCE__SLA_Matrix.md | 20_Agents/IT-FrontLine/knowledge/REFERENCE__SLA_FrontLine.md
IT-SHARED/60_BUNDLES/BUNDLE_RUNBOOKS_IT_SUPPORT.md,40_RUNBOOKS/LEGACY_MD/01_it_msp_ticket_to_kb.md,text_ref,P2,external_dependency,,IT-SHARED/10_RUNBOOKS/SUPPORT/RUNBOOK__IT_MSP_TICKET_TO_KB.md | IT-SHARED/10_RUNBOOKS/SUPPORT/99_ARCHIVE/RUNBOOK__IT_MSP_TICKET_TO_KB.md | IT-SHARED/10_RUNBOOKS/SUPPORT/SUPPORT__RUNBOOK__IT_MSP_TICKET_TO_KB.md
IT-SHARED/60_BUNDLES/BUNDLE_RUNBOOKS_IT_SUPPORT.md,40_RUNBOOKS/playbooks.yaml,text_ref,P2,external_dependency,,playbooks/playbooks.yaml | OPS/OPS-RouterIA/tests.yaml | OPS/OPS-RouterIA/memory/glossary.yaml
IT-SHARED/60_BUNDLES/BUNDLE_RUNBOOKS_IT_SUPPORT.md,50_POLICIES/ops/incident_severity.md,text_ref,P2,external_dependency,,IT-SHARED/20_TEMPLATES/08_TEMPLATE_REPORTS/TEMPLATE__INCIDENT_REPORT.md | IT-SHARED/20_TEMPLATES/06_TEMPLATE _INCIDENT/TEMPLATE__INCIDENT_LOG.md | IT-SHARED/20_TEMPLATES/06_TEMPLATE _INCIDENT/TEMPLATE__INCIDENT_CRITIQUE.md
IT-SHARED/60_BUNDLES/BUNDLE_RUNBOOKS_IT_SUPPORT.md,50_POLICIES/ops/logging_schema.md,text_ref,P2,external_dependency,,README.md | OPS/OPS-RouterIA/tools/tools.md | OPS/OPS-RouterIA/prompt.md
IT-SHARED/60_BUNDLES/BUNDLE_RUNBOOKS_IT_SUPPORT.md,50_POLICIES/ops/sla.md,text_ref,P2,external_dependency,,IT-SHARED/50_REFERENCE/REFERENCE__SLA_Matrix.md | 20_Agents/IT-NOCDispatcher/knowledge/REFERENCE__SLA_Matrix.md | 20_Agents/IT-FrontLine/knowledge/REFERENCE__SLA_FrontLine.md
IT-SHARED/60_BUNDLES/BUNDLE_RUNBOOK_SUPPORT_Triage-KB_V1.md,40_RUNBOOKS/LEGACY_MD/01_it_msp_ticket_to_kb.md,text_ref,P2,external_dependency,,IT-SHARED/10_RUNBOOKS/SUPPORT/RUNBOOK__IT_MSP_TICKET_TO_KB.md | IT-SHARED/10_RUNBOOKS/SUPPORT/99_ARCHIVE/RUNBOOK__IT_MSP_TICKET_TO_KB.md | IT-SHARED/10_RUNBOOKS/SUPPORT/SUPPORT__RUNBOOK__IT_MSP_TICKET_TO_KB.md
IT-SHARED/60_BUNDLES/BUNDLE_RUNBOOK_SUPPORT_Triage-KB_V1.md,40_RUNBOOKS/playbooks.yaml,text_ref,P2,external_dependency,,playbooks/playbooks.yaml | OPS/OPS-RouterIA/tests.yaml | OPS/OPS-RouterIA/memory/glossary.yaml
IT-SHARED/60_BUNDLES/BUNDLE_RUNBOOK_SUPPORT_Triage-KB_V1.md,50_POLICIES/ops/incident_severity.md,text_ref,P2,external_dependency,,IT-SHARED/20_TEMPLATES/08_TEMPLATE_REPORTS/TEMPLATE__INCIDENT_REPORT.md | IT-SHARED/20_TEMPLATES/06_TEMPLATE _INCIDENT/TEMPLATE__INCIDENT_LOG.md | IT-SHARED/20_TEMPLATES/06_TEMPLATE _INCIDENT/TEMPLATE__INCIDENT_CRITIQUE.md
IT-SHARED/60_BUNDLES/BUNDLE_RUNBOOK_SUPPORT_Triage-KB_V1.md,50_POLICIES/ops/logging_schema.md,text_ref,P2,external_dependency,,README.md | OPS/OPS-RouterIA/tools/tools.md | OPS/OPS-RouterIA/prompt.md
IT-SHARED/60_BUNDLES/BUNDLE_RUNBOOK_SUPPORT_Triage-KB_V1.md,50_POLICIES/ops/sla.md,text_ref,P2,external_dependency,,IT-SHARED/50_REFERENCE/REFERENCE__SLA_Matrix.md | 20_Agents/IT-NOCDispatcher/knowledge/REFERENCE__SLA_Matrix.md | 20_Agents/IT-FrontLine/knowledge/REFERENCE__SLA_FrontLine.md
IT-SHARED/60_BUNDLES/BUNDLE__INFRA_Firewall.md,10_TEAMS/teams.yaml,text_ref,P2,external_dependency,,playbooks/playbooks.yaml | OPS/OPS-RouterIA/tests.yaml | OPS/OPS-RouterIA/memory/glossary.yaml
IT-SHARED/60_BUNDLES/BUNDLE__INFRA_Firewall.md,40_RUNBOOKS/RUNBOOKS_MD,text_ref,P2,external_dependency,,IT-SHARED/TABLEAU__Runbooks_par_Agent.md | IT-SHARED/60_BUNDLES/BUNDLE_RUNBOOKS_IT_SUPPORT.md | IT-SHARED/60_BUNDLES/BUNDLE_RUNBOOKS_IT_SECURITE.md
IT-SHARED/60_BUNDLES/BUNDLE__INFRA_Firewall.md,40_RUNBOOKS/RUNBOOKS_MD/RUNBOOK__ADD_AGENT.md,text_ref,P2,external_dependency,,IT-SHARED/10_RUNBOOKS/SECURITY/SECURITY__RUNBOOK__Security_Audit.md | IT-SHARED/10_RUNBOOKS/SECURITY/RUNBOOK__Alert_Response.md | IT-SHARED/10_RUNBOOKS/SECURITY/99_ARCHIVE/RUNBOOK__Alert_Response.md
IT-SHARED/60_BUNDLES/BUNDLE__INFRA_Firewall.md,40_RUNBOOKS/RUNBOOKS_MD/RUNBOOK__CREATE_PLAYBOOK.md,text_ref,P2,external_dependency,,IT-SHARED/10_RUNBOOKS/SECURITY/SECURITY__RUNBOOK__Security_Audit.md | IT-SHARED/10_RUNBOOKS/SECURITY/RUNBOOK__Alert_Response.md | IT-SHARED/10_RUNBOOKS/SECURITY/99_ARCHIVE/RUNBOOK__Alert_Response.md
IT-SHARED/60_BUNDLES/BUNDLE__INFRA_Firewall.md,40_RUNBOOKS/playbooks.yaml,text_ref,P2,external_dependency,,playbooks/playbooks.yaml | OPS/OPS-RouterIA/tests.yaml | OPS/OPS-RouterIA/memory/glossary.yaml
IT-SHARED/60_BUNDLES/BUNDLE__INFRA_Firewall.md,50_POLICIES/POLICIES__INDEX.md,text_ref,P2,external_dependency,,20_Agents/IT-VoIPMaster/04_KNOWLEDGE_INDEX.md | 20_Agents/IT-UrgenceMaster/04_KNOWLEDGE_INDEX.md | 20_Agents/IT-TicketScribe/04_KNOWLEDGE_INDEX.md
IT-SHARED/60_BUNDLES/BUNDLE__INFRA_Firewall.md,50_POLICIES/SOURCE_ATTRIBUTION.yaml,text_ref,P2,external_dependency,,playbooks/playbooks.yaml | OPS/OPS-RouterIA/tests.yaml | OPS/OPS-RouterIA/memory/glossary.yaml
IT-SHARED/10_RUNBOOKS/SUPPORT/RUNBOOK__IT_CW_INTERVENTION_LIVE_CLOSE.md,IT-SHARED/20_TEMPLATES/05_TEMPLATES_INTERVENTION/CW_TEMPLATE_LIBRARY__INTERVENTION_COPILOT.md,text_ref,P2,internal_missing,,IT-SHARED/20_TEMPLATES/02_TEMPLATE_COM/TEMPLATE_CW_LIBRARY__INTERVENTION_COPILOT.md | IT-SHARED/20_TEMPLATES/01_TEMPLATE_CW/TEMPLATE__CW_TEMPLATE_LIBRARY__INTERVENTION_COPILOT.md | IT-SHARED/20_TEMPLATES/01_TEMPLATE_CW/TEMPLATE_CW_Intervention-Library_V1.md
IT-SHARED/20_TEMPLATES/01_TEMPLATE_CW/RUNBOOK_MENU_CONTEXTUEL_V4.md,IT-SHARED/20_TEMPLATES/06_TEMPLATE,text_ref,P2,internal_missing,,IT-SHARED/80_EXEMPLES/TEMPLATE_PENDINGREBOOT.md | IT-SHARED/20_TEMPLATES/12_TEMPLATE_DIAG/TEMPLATE_DIAG_DFRS | IT-SHARED/20_TEMPLATES/07_TEMPLATE_BACKUP/TEMPLATE_DIAG_VEEAM
IT-SHARED/20_TEMPLATES/TEMPLATE__GPT_SETUP_CARD.md,20_Agents/IT-,text_ref,P2,internal_missing,,IT_INDEPENDENCE.md | 20_Agents/IT-Commandare-TECH/IT_Commandare_TECH_KnowledgePack_v1/IT__Glossary.md | 20_Agents/IT-Commandare-OPR/IT_Commandare_OPR_KnowledgePack_v1/IT__Glossary.md
IT-SHARED/60_BUNDLES/BUNDLE_KP_AssistanTI-FrontLine_V1.md,IT-SHARED/50_REFERENCE/REFERENCE_MASTER_Routing-Rules_V1.md,text_ref,P2,internal_missing,,IT-SHARED/50_REFERENCE/REF__REFERENCE_MASTER_Routing-Rules_V1.md | IT-SHARED/50_REFERENCE/REF__REFERENCE_MASTER_OnePager_V1.md | IT-SHARED/50_REFERENCE/REF__REFERENCE_MASTER_Conventions_V1.md
IT-SHARED/60_BUNDLES/BUNDLE_KP_FrontLine_V1.md,IT-SHARED/50_REFERENCE/REFERENCE_MASTER_Routing-Rules_V1.md,text_ref,P2,internal_missing,,IT-SHARED/50_REFERENCE/REF__REFERENCE_MASTER_Routing-Rules_V1.md | IT-SHARED/50_REFERENCE/REF__REFERENCE_MASTER_OnePager_V1.md | IT-SHARED/50_REFERENCE/REF__REFERENCE_MASTER_Conventions_V1.md
IT-SHARED/60_BUNDLES/BUNDLE_RUNBOOK_SUPPORT_Intervention-Live_V1.md,IT-SHARED/20_TEMPLATES/05_TEMPLATES_INTERVENTION/CW_TEMPLATE_LIBRARY__INTERVENTION_COPILOT.md,text_ref,P2,internal_missing,,IT-SHARED/20_TEMPLATES/02_TEMPLATE_COM/TEMPLATE_CW_LIBRARY__INTERVENTION_COPILOT.md | IT-SHARED/20_TEMPLATES/01_TEMPLATE_CW/TEMPLATE__CW_TEMPLATE_LIBRARY__INTERVENTION_COPILOT.md | IT-SHARED/20_TEMPLATES/01_TEMPLATE_CW/TEMPLATE_CW_Intervention-Library_V1.md
IT-SHARED/60_BUNDLES/BUNDLE__INFRA_Firewall.md,OPS/IT,text_ref,P2,internal_missing,,IT_INDEPENDENCE.md | 20_Agents/IT-Commandare-TECH/IT_Commandare_TECH_KnowledgePack_v1/IT__Glossary.md | 20_Agents/IT-Commandare-OPR/IT_Commandare_OPR_KnowledgePack_v1/IT__Glossary.md
IT-SHARED/RUNBOOK_MENU_CONTEXTUEL_V4.md,IT-SHARED/10_RUNBOOKS/INFRA/INFRA__NOC__RUNBOOK__Backup_Configuration,text_ref,P2,internal_missing,,IT-SHARED/10_RUNBOOKS/INFRA/INFRA__NOC__RUNBOOK__Backup_Configuration.md | IT-SHARED/10_RUNBOOKS/NOC/NOC__RUNBOOK__Backup_Configuration.md | IT-SHARED/10_RUNBOOKS/INFRA/RUNBOOK__Backup_Configuration.md
IT-SHARED/RUNBOOK_MENU_CONTEXTUEL_V4.md,IT-SHARED/10_RUNBOOKS/INFRA/INFRA__RUNBOOK__DC_PrePost_Validation,text_ref,P2,internal_missing,,IT-SHARED/10_RUNBOOKS/INFRA/INFRA__RUNBOOK__DC_PrePost_Validation.md | IT-SHARED/10_RUNBOOKS/INFRA/RUNBOOK__DC_PrePost_Validation.md | IT-SHARED/10_RUNBOOKS/INFRA/RUNBOOK__SQL_PrePost_Validation.md
IT-SHARED/RUNBOOK_MENU_CONTEXTUEL_V4.md,IT-SHARED/10_RUNBOOKS/MAINTENANCE/MAINTENANCE__RUNBOOK__CMDB_Asset_Audit_V1.md,text_ref,P2,internal_missing,,IT-SHARED/10_RUNBOOKS/MAINTENANCE/MAINT__RB__CMDB_Asset_Audit_V1.md | IT-SHARED/10_RUNBOOKS/MAINTENANCE/RUNBOOK__IT_AUDIT_TRIMESTRIEL_V1.md | IT-SHARED/10_RUNBOOKS/MAINTENANCE/99_ARCHIVE/RUNBOOK__IT_AUDIT_TRIMESTRIEL_V1.md
IT-SHARED/RUNBOOK_MENU_CONTEXTUEL_V4.md,IT-SHARED/20_TEMPLATES/06_TEMPLATE,text_ref,P2,internal_missing,,IT-SHARED/80_EXEMPLES/TEMPLATE_PENDINGREBOOT.md | IT-SHARED/20_TEMPLATES/12_TEMPLATE_DIAG/TEMPLATE_DIAG_DFRS | IT-SHARED/20_TEMPLATES/07_TEMPLATE_BACKUP/TEMPLATE_DIAG_VEEAM
IT-SHARED/10_RUNBOOKS/SUPPORT/99_ARCHIVE/RUNBOOK__IT_MSP_TICKET_TO_KB.md,40_RUNBOOKS/LEGACY_MD/01_it_msp_ticket_to_kb.md,text_ref,P3,external_dependency,,IT-SHARED/10_RUNBOOKS/SUPPORT/RUNBOOK__IT_MSP_TICKET_TO_KB.md | IT-SHARED/10_RUNBOOKS/SUPPORT/99_ARCHIVE/RUNBOOK__IT_MSP_TICKET_TO_KB.md | IT-SHARED/10_RUNBOOKS/SUPPORT/SUPPORT__RUNBOOK__IT_MSP_TICKET_TO_KB.md
IT-SHARED/10_RUNBOOKS/SUPPORT/99_ARCHIVE/RUNBOOK__IT_MSP_TICKET_TO_KB.md,40_RUNBOOKS/playbooks.yaml,text_ref,P3,external_dependency,,playbooks/playbooks.yaml | OPS/OPS-RouterIA/tests.yaml | OPS/OPS-RouterIA/memory/glossary.yaml
IT-SHARED/10_RUNBOOKS/SUPPORT/99_ARCHIVE/RUNBOOK__IT_MSP_TICKET_TO_KB.md,50_POLICIES/ops/incident_severity.md,text_ref,P3,external_dependency,,IT-SHARED/20_TEMPLATES/08_TEMPLATE_REPORTS/TEMPLATE__INCIDENT_REPORT.md | IT-SHARED/20_TEMPLATES/06_TEMPLATE _INCIDENT/TEMPLATE__INCIDENT_LOG.md | IT-SHARED/20_TEMPLATES/06_TEMPLATE _INCIDENT/TEMPLATE__INCIDENT_CRITIQUE.md
IT-SHARED/10_RUNBOOKS/SUPPORT/99_ARCHIVE/RUNBOOK__IT_MSP_TICKET_TO_KB.md,50_POLICIES/ops/logging_schema.md,text_ref,P3,external_dependency,,README.md | OPS/OPS-RouterIA/tools/tools.md | OPS/OPS-RouterIA/prompt.md
IT-SHARED/10_RUNBOOKS/SUPPORT/99_ARCHIVE/RUNBOOK__IT_MSP_TICKET_TO_KB.md,50_POLICIES/ops/sla.md,text_ref,P3,external_dependency,,IT-SHARED/50_REFERENCE/REFERENCE__SLA_Matrix.md | 20_Agents/IT-NOCDispatcher/knowledge/REFERENCE__SLA_Matrix.md | 20_Agents/IT-FrontLine/knowledge/REFERENCE__SLA_FrontLine.md
IT-SHARED/60_BUNDLES/99_ARCHIVE/BUNDLE_KP_AssistanTI-FrontLine_V1.md,IT-SHARED/50_REFERENCE/REFERENCE_MASTER_Routing-Rules_V1.md,text_ref,P3,internal_missing,,IT-SHARED/50_REFERENCE/REF__REFERENCE_MASTER_Routing-Rules_V1.md | IT-SHARED/50_REFERENCE/REF__REFERENCE_MASTER_OnePager_V1.md | IT-SHARED/50_REFERENCE/REF__REFERENCE_MASTER_Conventions_V1.md
