legacy_ref,legacy_command,legacy_alias_or_content,legacy_path,legacy_directory,legacy_filename,item_type,legacy_section,new_path_target,migration_status,action_required
B01,b-infra,Mega-bundle INFRA complet,IT-SHARED/60_BUNDLES/BUNDLE_RUNBOOKS_IT_INFRA.md,IT-SHARED/60_BUNDLES,BUNDLE_RUNBOOKS_IT_INFRA.md,bundle,🖥️ INFRA — Bundles (B01–B09),[À DÉFINIR - ne pas déplacer sans migration],LEGACY_ACTIVE,Garder la référence; modifier seulement après validation du nouveau chemin
B02,b-cloud,"Mega-bundle Cloud (M365, Azure, AWS, GCP)",IT-SHARED/60_BUNDLES/BUNDLE_RUNBOOKS_IT_CLOUD.md,IT-SHARED/60_BUNDLES,BUNDLE_RUNBOOKS_IT_CLOUD.md,bundle,🖥️ INFRA — Bundles (B01–B09),[À DÉFINIR - ne pas déplacer sans migration],LEGACY_ACTIVE,Garder la référence; modifier seulement après validation du nouveau chemin
B03,b-reseau-voip,Réseau + VoIP combinés,IT-SHARED/60_BUNDLES/BUNDLE_RUNBOOKS_IT_RESEAU_VOIP.md,IT-SHARED/60_BUNDLES,BUNDLE_RUNBOOKS_IT_RESEAU_VOIP.md,bundle,🖥️ INFRA — Bundles (B01–B09),[À DÉFINIR - ne pas déplacer sans migration],LEGACY_ACTIVE,Garder la référence; modifier seulement après validation du nouveau chemin
B04,b-virtualiz,Virtualisation — Hyper-V + VMware + XCP-ng,IT-SHARED/60_BUNDLES/BUNDLE_INFRA_VIRTUALISATION.md,IT-SHARED/60_BUNDLES,BUNDLE_INFRA_VIRTUALISATION.md,bundle,🖥️ INFRA — Bundles (B01–B09),[À DÉFINIR - ne pas déplacer sans migration],LEGACY_ACTIVE,Garder la référence; modifier seulement après validation du nouveau chemin
B05,b-ad,"AD opérations — DC, users, GPO, réplication",IT-SHARED/60_BUNDLES/BUNDLE_RUNBOOK_INFRA_AD-Operations_V1.md,IT-SHARED/60_BUNDLES,BUNDLE_RUNBOOK_INFRA_AD-Operations_V1.md,bundle,🖥️ INFRA — Bundles (B01–B09),[À DÉFINIR - ne pas déplacer sans migration],LEGACY_ACTIVE,Garder la référence; modifier seulement après validation du nouveau chemin
B06,b-hyperv,"Hyperviseurs — Hyper-V, VMware, XCP-ng détaillé",IT-SHARED/60_BUNDLES/BUNDLE_RUNBOOK_INFRA_Hyperviseurs_V1.md,IT-SHARED/60_BUNDLES,BUNDLE_RUNBOOK_INFRA_Hyperviseurs_V1.md,bundle,🖥️ INFRA — Bundles (B01–B09),[À DÉFINIR - ne pas déplacer sans migration],LEGACY_ACTIVE,Garder la référence; modifier seulement après validation du nouveau chemin
B07,b-m365,"M365 complet — Exchange, Intune, Teams, Entra",IT-SHARED/60_BUNDLES/BUNDLE_RUNBOOK_INFRA_M365_V1.md,IT-SHARED/60_BUNDLES,BUNDLE_RUNBOOK_INFRA_M365_V1.md,bundle,🖥️ INFRA — Bundles (B01–B09),[À DÉFINIR - ne pas déplacer sans migration],LEGACY_ACTIVE,Garder la référence; modifier seulement après validation du nouveau chemin
B08,b-rds,"RDS — sessions, services, profils, licences",IT-SHARED/60_BUNDLES/BUNDLE_RUNBOOK_INFRA_RDS-Operations_V1.md,IT-SHARED/60_BUNDLES,BUNDLE_RUNBOOK_INFRA_RDS-Operations_V1.md,bundle,🖥️ INFRA — Bundles (B01–B09),[À DÉFINIR - ne pas déplacer sans migration],LEGACY_ACTIVE,Garder la référence; modifier seulement après validation du nouveau chemin
B09,b-fw-vpn,"Firewalls + VPN — Fortinet, WatchGuard, SonicWall, Meraki",IT-SHARED/60_BUNDLES/BUNDLE_RUNBOOK_INFRA_Firewall-VPN_V1.md,IT-SHARED/60_BUNDLES,BUNDLE_RUNBOOK_INFRA_Firewall-VPN_V1.md,bundle,🖥️ INFRA — Bundles (B01–B09),[À DÉFINIR - ne pas déplacer sans migration],LEGACY_ACTIVE,Garder la référence; modifier seulement après validation du nouveau chemin
01,dc,,IT-SHARED/10_RUNBOOKS/INFRA/INFRA__RUNBOOK__DC_PrePost_Validation,IT-SHARED/10_RUNBOOKS/INFRA,INFRA__RUNBOOK__DC_PrePost_Validation,runbook,🖥️ INFRA — Runbooks individuels (01–19c),[À DÉFINIR - ne pas déplacer sans migration],LEGACY_ACTIVE,Garder la référence; modifier seulement après validation du nouveau chemin
02,sql,,IT-SHARED/10_RUNBOOKS/INFRA/INFRA-SRV-SQL_PrePost_Validation_V2.md,IT-SHARED/10_RUNBOOKS/INFRA,INFRA-SRV-SQL_PrePost_Validation_V2.md,runbook,🖥️ INFRA — Runbooks individuels (01–19c),[À DÉFINIR - ne pas déplacer sans migration],LEGACY_ACTIVE,Garder la référence; modifier seulement après validation du nouveau chemin
03,srv,serveur,IT-SHARED/60_BUNDLES/BUNDLE_INFRA_SERVER.md,IT-SHARED/60_BUNDLES,BUNDLE_INFRA_SERVER.md,bundle,🖥️ INFRA — Runbooks individuels (01–19c),[À DÉFINIR - ne pas déplacer sans migration],LEGACY_ACTIVE,Garder la référence; modifier seulement après validation du nouveau chemin
04,rds,,IT-SHARED/10_RUNBOOKS/INFRA/INFRA-SRV-RDS_Operations_V2.md,IT-SHARED/10_RUNBOOKS/INFRA,INFRA-SRV-RDS_Operations_V2.md,runbook,🖥️ INFRA — Runbooks individuels (01–19c),[À DÉFINIR - ne pas déplacer sans migration],LEGACY_ACTIVE,Garder la référence; modifier seulement après validation du nouveau chemin
05,ad-dc,,IT-SHARED/10_RUNBOOKS/INFRA/INFRA-AD-DC_Operations_V3.md,IT-SHARED/10_RUNBOOKS/INFRA,INFRA-AD-DC_Operations_V3.md,runbook,🖥️ INFRA — Runbooks individuels (01–19c),[À DÉFINIR - ne pas déplacer sans migration],LEGACY_ACTIVE,Garder la référence; modifier seulement après validation du nouveau chemin
06,ad-user,,IT-SHARED/10_RUNBOOKS/INFRA/INFRA-AD-UserManagement_V2.md,IT-SHARED/10_RUNBOOKS/INFRA,INFRA-AD-UserManagement_V2.md,runbook,🖥️ INFRA — Runbooks individuels (01–19c),[À DÉFINIR - ne pas déplacer sans migration],LEGACY_ACTIVE,Garder la référence; modifier seulement après validation du nouveau chemin
07,hyperv,,IT-SHARED/10_RUNBOOKS/INFRA/INFRA-SRV-HyperV_Operations_V2.md,IT-SHARED/10_RUNBOOKS/INFRA,INFRA-SRV-HyperV_Operations_V2.md,runbook,🖥️ INFRA — Runbooks individuels (01–19c),[À DÉFINIR - ne pas déplacer sans migration],LEGACY_ACTIVE,Garder la référence; modifier seulement après validation du nouveau chemin
08,vmware,,IT-SHARED/10_RUNBOOKS/INFRA/INFRA-SRV-VMware_Operations_V2.md,IT-SHARED/10_RUNBOOKS/INFRA,INFRA-SRV-VMware_Operations_V2.md,runbook,🖥️ INFRA — Runbooks individuels (01–19c),[À DÉFINIR - ne pas déplacer sans migration],LEGACY_ACTIVE,Garder la référence; modifier seulement après validation du nouveau chemin
09,xcpng,virtualiz,IT-SHARED/10_RUNBOOKS/INFRA/INFRA-SRV-XCPng_Operations_V1.md,IT-SHARED/10_RUNBOOKS/INFRA,INFRA-SRV-XCPng_Operations_V1.md,runbook,🖥️ INFRA — Runbooks individuels (01–19c),[À DÉFINIR - ne pas déplacer sans migration],LEGACY_ACTIVE,Garder la référence; modifier seulement après validation du nouveau chemin
10,fw,firewall,IT-SHARED/60_BUNDLES/BUNDLE_INFRA_FIREWALL.md,IT-SHARED/60_BUNDLES,BUNDLE_INFRA_FIREWALL.md,bundle,🖥️ INFRA — Runbooks individuels (01–19c),[À DÉFINIR - ne pas déplacer sans migration],LEGACY_ACTIVE,Garder la référence; modifier seulement après validation du nouveau chemin
10b,net-cfg,firewall,IT-SHARED/10_RUNBOOKS/INFRA/INFRA-NET-NetworkSetup_V1.md,IT-SHARED/10_RUNBOOKS/INFRA,INFRA-NET-NetworkSetup_V1.md,runbook,🖥️ INFRA — Runbooks individuels (01–19c),[À DÉFINIR - ne pas déplacer sans migration],LEGACY_ACTIVE,Garder la référence; modifier seulement après validation du nouveau chemin
10c,net-diag,network,IT-SHARED/10_RUNBOOKS/INFRA/INFRA-NET-NetworkDiagnostic_V2.md,IT-SHARED/10_RUNBOOKS/INFRA,INFRA-NET-NetworkDiagnostic_V2.md,runbook,🖥️ INFRA — Runbooks individuels (01–19c),[À DÉFINIR - ne pas déplacer sans migration],LEGACY_ACTIVE,Garder la référence; modifier seulement après validation du nouveau chemin
11,dns,,IT-SHARED/60_BUNDLES/BUNDLE_INFRA_DNS_Domains_V1.md,IT-SHARED/60_BUNDLES,BUNDLE_INFRA_DNS_Domains_V1.md,bundle,🖥️ INFRA — Runbooks individuels (01–19c),[À DÉFINIR - ne pas déplacer sans migration],LEGACY_ACTIVE,Garder la référence; modifier seulement après validation du nouveau chemin
12,linux,,IT-SHARED/60_BUNDLES/BUNDLE_INFRA_LINUX_V1.md,IT-SHARED/60_BUNDLES,BUNDLE_INFRA_LINUX_V1.md,bundle,🖥️ INFRA — Runbooks individuels (01–19c),[À DÉFINIR - ne pas déplacer sans migration],LEGACY_ACTIVE,Garder la référence; modifier seulement après validation du nouveau chemin
13,azure,entraid,IT-SHARED/10_RUNBOOKS/INFRA/INFRA-AD-EntraID_Operations_V2.md,IT-SHARED/10_RUNBOOKS/INFRA,INFRA-AD-EntraID_Operations_V2.md,runbook,🖥️ INFRA — Runbooks individuels (01–19c),[À DÉFINIR - ne pas déplacer sans migration],LEGACY_ACTIVE,Garder la référence; modifier seulement après validation du nouveau chemin
14,m365,365,IT-SHARED/60_BUNDLES/BUNDLE_INFRA_365.md,IT-SHARED/60_BUNDLES,BUNDLE_INFRA_365.md,bundle,🖥️ INFRA — Runbooks individuels (01–19c),[À DÉFINIR - ne pas déplacer sans migration],LEGACY_ACTIVE,Garder la référence; modifier seulement après validation du nouveau chemin
15,m365-exchange,,IT-SHARED/10_RUNBOOKS/INFRA/INFRA-M365-Exchange_Online_V2.md,IT-SHARED/10_RUNBOOKS/INFRA,INFRA-M365-Exchange_Online_V2.md,runbook,🖥️ INFRA — Runbooks individuels (01–19c),[À DÉFINIR - ne pas déplacer sans migration],LEGACY_ACTIVE,Garder la référence; modifier seulement après validation du nouveau chemin
16,m365-intune,,IT-SHARED/10_RUNBOOKS/INFRA/INFRA-M365-Intune_Devices_V2.md,IT-SHARED/10_RUNBOOKS/INFRA,INFRA-M365-Intune_Devices_V2.md,runbook,🖥️ INFRA — Runbooks individuels (01–19c),[À DÉFINIR - ne pas déplacer sans migration],LEGACY_ACTIVE,Garder la référence; modifier seulement après validation du nouveau chemin
17,m365-teams,"teams, sharepoint, onedrive",IT-SHARED/10_RUNBOOKS/INFRA/INFRA-M365-Teams_SharePoint_OneDrive_V2.md,IT-SHARED/10_RUNBOOKS/INFRA,INFRA-M365-Teams_SharePoint_OneDrive_V2.md,runbook,🖥️ INFRA — Runbooks individuels (01–19c),[À DÉFINIR - ne pas déplacer sans migration],LEGACY_ACTIVE,Garder la référence; modifier seulement après validation du nouveau chemin
18,m365-user,,IT-SHARED/10_RUNBOOKS/INFRA/INFRA-M365-UserManagement_V2.md,IT-SHARED/10_RUNBOOKS/INFRA,INFRA-M365-UserManagement_V2.md,runbook,🖥️ INFRA — Runbooks individuels (01–19c),[À DÉFINIR - ne pas déplacer sans migration],LEGACY_ACTIVE,Garder la référence; modifier seulement après validation du nouveau chemin
19,m365-onboard,,IT-SHARED/10_RUNBOOKS/INFRA/INFRA-M365-UserOnboarding_V2.md,IT-SHARED/10_RUNBOOKS/INFRA,INFRA-M365-UserOnboarding_V2.md,runbook,🖥️ INFRA — Runbooks individuels (01–19c),[À DÉFINIR - ne pas déplacer sans migration],LEGACY_ACTIVE,Garder la référence; modifier seulement après validation du nouveau chemin
19b,aws,,IT-SHARED/60_BUNDLES/BUNDLE_INFRA_CLOUD_AWS_V1.md,IT-SHARED/60_BUNDLES,BUNDLE_INFRA_CLOUD_AWS_V1.md,bundle,🖥️ INFRA — Runbooks individuels (01–19c),[À DÉFINIR - ne pas déplacer sans migration],LEGACY_ACTIVE,Garder la référence; modifier seulement après validation du nouveau chemin
19c,gcp,,IT-SHARED/60_BUNDLES/BUNDLE_INFRA_CLOUD_GCP_GoogleWorkspace_V1.md,IT-SHARED/60_BUNDLES,BUNDLE_INFRA_CLOUD_GCP_GoogleWorkspace_V1.md,bundle,🖥️ INFRA — Runbooks individuels (01–19c),[À DÉFINIR - ne pas déplacer sans migration],LEGACY_ACTIVE,Garder la référence; modifier seulement après validation du nouveau chemin
B20,b-patching,Patching Windows complet — tous scénarios,IT-SHARED/60_BUNDLES/BUNDLE_RUNBOOK_MAINTENANCE_Patching-Windows_V1.md,IT-SHARED/60_BUNDLES,BUNDLE_RUNBOOK_MAINTENANCE_Patching-Windows_V1.md,bundle,🔄 MAINTENANCE — Bundles (B20–B21),[À DÉFINIR - ne pas déplacer sans migration],LEGACY_ACTIVE,Garder la référence; modifier seulement après validation du nouveau chemin
B21,b-health,Santé serveurs — health check + monitoring,IT-SHARED/60_BUNDLES/BUNDLE_RUNBOOK_MAINTENANCE_Server-Health_V1.md,IT-SHARED/60_BUNDLES,BUNDLE_RUNBOOK_MAINTENANCE_Server-Health_V1.md,bundle,🔄 MAINTENANCE — Bundles (B20–B21),[À DÉFINIR - ne pas déplacer sans migration],LEGACY_ACTIVE,Garder la référence; modifier seulement après validation du nouveau chemin
20,windows-patching,patching,IT-SHARED/10_RUNBOOKS/MAINTENANCE/MAINT-WIN-Patching_Complet_V3.md,IT-SHARED/10_RUNBOOKS/MAINTENANCE,MAINT-WIN-Patching_Complet_V3.md,runbook,🔄 MAINTENANCE — Runbooks individuels (20–27),[À DÉFINIR - ne pas déplacer sans migration],LEGACY_ACTIVE,Garder la référence; modifier seulement après validation du nouveau chemin
21,patching-cwrmm,,IT-SHARED/10_RUNBOOKS/MAINTENANCE/MAINT-WIN-Patching_CW-RMM_V3.md,IT-SHARED/10_RUNBOOKS/MAINTENANCE,MAINT-WIN-Patching_CW-RMM_V3.md,runbook,🔄 MAINTENANCE — Runbooks individuels (20–27),[À DÉFINIR - ne pas déplacer sans migration],LEGACY_ACTIVE,Garder la référence; modifier seulement après validation du nouveau chemin
22,pending-reboot,,IT-SHARED/10_RUNBOOKS/MAINTENANCE/MAINT-WIN-PendingReboot_V2.md,IT-SHARED/10_RUNBOOKS/MAINTENANCE,MAINT-WIN-PendingReboot_V2.md,runbook,🔄 MAINTENANCE — Runbooks individuels (20–27),[À DÉFINIR - ne pas déplacer sans migration],LEGACY_ACTIVE,Garder la référence; modifier seulement après validation du nouveau chemin
23,server-health,,IT-SHARED/10_RUNBOOKS/MAINTENANCE/MAINT-SRV-HealthCheck_V2.md,IT-SHARED/10_RUNBOOKS/MAINTENANCE,MAINT-SRV-HealthCheck_V2.md,runbook,🔄 MAINTENANCE — Runbooks individuels (20–27),[À DÉFINIR - ne pas déplacer sans migration],LEGACY_ACTIVE,Garder la référence; modifier seulement après validation du nouveau chemin
24,wsus,,IT-SHARED/10_RUNBOOKS/MAINTENANCE/MAINT-WIN-WSUS_Maintenance_V2.md,IT-SHARED/10_RUNBOOKS/MAINTENANCE,MAINT-WIN-WSUS_Maintenance_V2.md,runbook,🔄 MAINTENANCE — Runbooks individuels (20–27),[À DÉFINIR - ne pas déplacer sans migration],LEGACY_ACTIVE,Garder la référence; modifier seulement après validation du nouveau chemin
25,audit-trim,,IT-SHARED/10_RUNBOOKS/MAINTENANCE/MAINT-SRV-AuditTrimestriel_V2.md,IT-SHARED/10_RUNBOOKS/MAINTENANCE,MAINT-SRV-AuditTrimestriel_V2.md,runbook,🔄 MAINTENANCE — Runbooks individuels (20–27),[À DÉFINIR - ne pas déplacer sans migration],LEGACY_ACTIVE,Garder la référence; modifier seulement après validation du nouveau chemin
26,post-panne,post-elec,IT-SHARED/10_RUNBOOKS/MAINTENANCE/MAINT-SRV-PostShutdown_Electrical_V2.md,IT-SHARED/10_RUNBOOKS/MAINTENANCE,MAINT-SRV-PostShutdown_Electrical_V2.md,runbook,🔄 MAINTENANCE — Runbooks individuels (20–27),[À DÉFINIR - ne pas déplacer sans migration],LEGACY_ACTIVE,Garder la référence; modifier seulement après validation du nouveau chemin
27,print,print-prepost,IT-SHARED/10_RUNBOOKS/MAINTENANCE/MAINT-SRV-PrintServer_PrePost_V1.md,IT-SHARED/10_RUNBOOKS/MAINTENANCE,MAINT-SRV-PrintServer_PrePost_V1.md,runbook,🔄 MAINTENANCE — Runbooks individuels (20–27),[À DÉFINIR - ne pas déplacer sans migration],LEGACY_ACTIVE,Garder la référence; modifier seulement après validation du nouveau chemin
28,asset,inventaire-asset,IT-SHARED/10_RUNBOOKS/INFRA/INFRA-OPS-AssetLifecycle_V1.md,IT-SHARED/10_RUNBOOKS/INFRA,INFRA-OPS-AssetLifecycle_V1.md,runbook,🔄 MAINTENANCE — Runbooks individuels (20–27),[À DÉFINIR - ne pas déplacer sans migration],LEGACY_ACTIVE,Garder la référence; modifier seulement après validation du nouveau chemin
28a,audit-license,asset-inventaire,IT-SHARED/10_RUNBOOKS/SECURITY/SEC-OPS-LicenseAudit_V2.md,IT-SHARED/10_RUNBOOKS/SECURITY,SEC-OPS-LicenseAudit_V2.md,runbook,🔄 MAINTENANCE — Runbooks individuels (20–27),[À DÉFINIR - ne pas déplacer sans migration],LEGACY_ACTIVE,Garder la référence; modifier seulement après validation du nouveau chemin
28b,audit-cmdb,asset-audit,IT-SHARED/10_RUNBOOKS/MAINTENANCE/MAINT-OPS-CMDB_AssetAudit_V1.md,IT-SHARED/10_RUNBOOKS/MAINTENANCE,MAINT-OPS-CMDB_AssetAudit_V1.md,runbook,🔄 MAINTENANCE — Runbooks individuels (20–27),[À DÉFINIR - ne pas déplacer sans migration],LEGACY_ACTIVE,Garder la référence; modifier seulement après validation du nouveau chemin
28c,audit_trimestriel,asset-audit,IT-SHARED/10_RUNBOOKS/MAINTENANCE/MAINT-SRV-AuditTrimestriel_V2.md,IT-SHARED/10_RUNBOOKS/MAINTENANCE,MAINT-SRV-AuditTrimestriel_V2.md,runbook,🔄 MAINTENANCE — Runbooks individuels (20–27),[À DÉFINIR - ne pas déplacer sans migration],LEGACY_ACTIVE,Garder la référence; modifier seulement après validation du nouveau chemin
B30,b-noc,Mega-bundle NOC + Urgence,IT-SHARED/60_BUNDLES/BUNDLE_RUNBOOKS_IT_NOC_URGENCE.md,IT-SHARED/60_BUNDLES,BUNDLE_RUNBOOKS_IT_NOC_URGENCE.md,bundle,💾 NOC / BACKUP — Bundles (B30–B34),[À DÉFINIR - ne pas déplacer sans migration],LEGACY_ACTIVE,Garder la référence; modifier seulement après validation du nouveau chemin
B31,b-backup-dr,"Backup + DR — Veeam, Datto, Keepit, DR plan",IT-SHARED/60_BUNDLES/BUNDLE_RUNBOOKS_IT_BACKUP_DR.md,IT-SHARED/60_BUNDLES,BUNDLE_RUNBOOKS_IT_BACKUP_DR.md,bundle,💾 NOC / BACKUP — Bundles (B30–B34),[À DÉFINIR - ne pas déplacer sans migration],LEGACY_ACTIVE,Garder la référence; modifier seulement après validation du nouveau chemin
B32,b-veeam,Veeam opérations détaillées,IT-SHARED/60_BUNDLES/BUNDLE_RUNBOOK_BACKUP_Veeam-Operations_V1.md,IT-SHARED/60_BUNDLES,BUNDLE_RUNBOOK_BACKUP_Veeam-Operations_V1.md,bundle,💾 NOC / BACKUP — Bundles (B30–B34),[À DÉFINIR - ne pas déplacer sans migration],LEGACY_ACTIVE,Garder la référence; modifier seulement après validation du nouveau chemin
B33,b-datto-keepit,Datto BCDR + Keepit M365 + DR plan,IT-SHARED/60_BUNDLES/BUNDLE_RUNBOOK_BACKUP_Datto-Keepit-DR_V1.md,IT-SHARED/60_BUNDLES,BUNDLE_RUNBOOK_BACKUP_Datto-Keepit-DR_V1.md,bundle,💾 NOC / BACKUP — Bundles (B30–B34),[À DÉFINIR - ne pas déplacer sans migration],LEGACY_ACTIVE,Garder la référence; modifier seulement après validation du nouveau chemin
B34,b-rmm,RMM monitoring — N-able + CW RMM + Auvik,IT-SHARED/60_BUNDLES/BUNDLE_RUNBOOK_NOC_RMM-Monitoring_V1.md,IT-SHARED/60_BUNDLES,BUNDLE_RUNBOOK_NOC_RMM-Monitoring_V1.md,bundle,💾 NOC / BACKUP — Bundles (B30–B34),[À DÉFINIR - ne pas déplacer sans migration],LEGACY_ACTIVE,Garder la référence; modifier seulement après validation du nouveau chemin
B35,b-noc-int,NOC intervention live — procédures et escalade,IT-SHARED/60_BUNDLES/BUNDLE_NOC_Intervention_V1.md,IT-SHARED/60_BUNDLES,BUNDLE_NOC_Intervention_V1.md,bundle,💾 NOC / BACKUP — Bundles (B30–B34),[À DÉFINIR - ne pas déplacer sans migration],LEGACY_ACTIVE,Garder la référence; modifier seulement après validation du nouveau chemin
30,incident-command,,IT-SHARED/10_RUNBOOKS/NOC/NOC-OPS-IncidentCommand_V2.md,IT-SHARED/10_RUNBOOKS/NOC,NOC-OPS-IncidentCommand_V2.md,runbook,💾 NOC / BACKUP — Runbooks individuels (30–39),[À DÉFINIR - ne pas déplacer sans migration],LEGACY_ACTIVE,Garder la référence; modifier seulement après validation du nouveau chemin
31,frontdoor,,IT-SHARED/10_RUNBOOKS/NOC/NOC-OPS-FrontDoor_V2.md,IT-SHARED/10_RUNBOOKS/NOC,NOC-OPS-FrontDoor_V2.md,runbook,💾 NOC / BACKUP — Runbooks individuels (30–39),[À DÉFINIR - ne pas déplacer sans migration],LEGACY_ACTIVE,Garder la référence; modifier seulement après validation du nouveau chemin
32,veeam,,IT-SHARED/60_BUNDLES/BUNDLE_RUNBOOK_BACKUP_Veeam-Operations_V1.md,IT-SHARED/60_BUNDLES,BUNDLE_RUNBOOK_BACKUP_Veeam-Operations_V1.md,bundle,💾 NOC / BACKUP — Runbooks individuels (30–39),[À DÉFINIR - ne pas déplacer sans migration],LEGACY_ACTIVE,Garder la référence; modifier seulement après validation du nouveau chemin
32c,veeam-opr,,IT-SHARED/10_RUNBOOKS/NOC/NOC-BACKUP-Veeam_Operations_V2.md,IT-SHARED/10_RUNBOOKS/NOC,NOC-BACKUP-Veeam_Operations_V2.md,runbook,💾 NOC / BACKUP — Runbooks individuels (30–39),[À DÉFINIR - ne pas déplacer sans migration],LEGACY_ACTIVE,Garder la référence; modifier seulement après validation du nouveau chemin
32b,bckup-cfg,,IT-SHARED/10_RUNBOOKS/NOC/NOC-BACKUP-Backup_Configuration_V2.md,IT-SHARED/10_RUNBOOKS/NOC,NOC-BACKUP-Backup_Configuration_V2.md,runbook,💾 NOC / BACKUP — Runbooks individuels (30–39),[À DÉFINIR - ne pas déplacer sans migration],LEGACY_ACTIVE,Garder la référence; modifier seulement après validation du nouveau chemin
33,datto,,IT-SHARED/10_RUNBOOKS/NOC/NOC-BACKUP-Datto_Operations_V2.md,IT-SHARED/10_RUNBOOKS/NOC,NOC-BACKUP-Datto_Operations_V2.md,runbook,💾 NOC / BACKUP — Runbooks individuels (30–39),[À DÉFINIR - ne pas déplacer sans migration],LEGACY_ACTIVE,Garder la référence; modifier seulement après validation du nouveau chemin
34,keepit,,IT-SHARED/10_RUNBOOKS/NOC/NOC-BACKUP-Keepit_Operations_V2.md,IT-SHARED/10_RUNBOOKS/NOC,NOC-BACKUP-Keepit_Operations_V2.md,runbook,💾 NOC / BACKUP — Runbooks individuels (30–39),[À DÉFINIR - ne pas déplacer sans migration],LEGACY_ACTIVE,Garder la référence; modifier seulement après validation du nouveau chemin
35,dr-plan,,IT-SHARED/10_RUNBOOKS/NOC/NOC-BACKUP-DR_Plan_Validation_V2.md,IT-SHARED/10_RUNBOOKS/NOC,NOC-BACKUP-DR_Plan_Validation_V2.md,runbook,💾 NOC / BACKUP — Runbooks individuels (30–39),[À DÉFINIR - ne pas déplacer sans migration],LEGACY_ACTIVE,Garder la référence; modifier seulement après validation du nouveau chemin
36,backup-dr,backup,IT-SHARED/10_RUNBOOKS/NOC/NOC-BACKUP-DR_Test_V2.md,IT-SHARED/10_RUNBOOKS/NOC,NOC-BACKUP-DR_Test_V2.md,runbook,💾 NOC / BACKUP — Runbooks individuels (30–39),[À DÉFINIR - ne pas déplacer sans migration],LEGACY_ACTIVE,Garder la référence; modifier seulement après validation du nouveau chemin
37,nable,,IT-SHARED/10_RUNBOOKS/NOC/NOC-RMM-NAble_Operations_V2.md,IT-SHARED/10_RUNBOOKS/NOC,NOC-RMM-NAble_Operations_V2.md,runbook,💾 NOC / BACKUP — Runbooks individuels (30–39),[À DÉFINIR - ne pas déplacer sans migration],LEGACY_ACTIVE,Garder la référence; modifier seulement après validation du nouveau chemin
38,cwrmm-auvik,,IT-SHARED/10_RUNBOOKS/NOC/NOC-RMM-CWRMM_Auvik_Operations_V2.md,IT-SHARED/10_RUNBOOKS/NOC,NOC-RMM-CWRMM_Auvik_Operations_V2.md,runbook,💾 NOC / BACKUP — Runbooks individuels (30–39),[À DÉFINIR - ne pas déplacer sans migration],LEGACY_ACTIVE,Garder la référence; modifier seulement après validation du nouveau chemin
39,bckup,,IT-SHARED/60_BUNDLES/BUNDLE_RUNBOOK_BACKUP_Datto-Keepit-DR_V1.md,IT-SHARED/60_BUNDLES,BUNDLE_RUNBOOK_BACKUP_Datto-Keepit-DR_V1.md,bundle,💾 NOC / BACKUP — Runbooks individuels (30–39),[À DÉFINIR - ne pas déplacer sans migration],LEGACY_ACTIVE,Garder la référence; modifier seulement après validation du nouveau chemin
B40,b-secu,Mega-bundle sécurité MSP complet,IT-SHARED/60_BUNDLES/BUNDLE_RUNBOOKS_IT_SECURITE.md,IT-SHARED/60_BUNDLES,BUNDLE_RUNBOOKS_IT_SECURITE.md,bundle,🛡️ SÉCURITÉ — Bundles (B40–B42),[À DÉFINIR - ne pas déplacer sans migration],LEGACY_ACTIVE,Garder la référence; modifier seulement après validation du nouveau chemin
B41,b-ir,Incident Response détaillé — IR + postmortem,IT-SHARED/60_BUNDLES/BUNDLE_RUNBOOK_SECURITY_Incident-Response_V1.md,IT-SHARED/60_BUNDLES,BUNDLE_RUNBOOK_SECURITY_Incident-Response_V1.md,bundle,🛡️ SÉCURITÉ — Bundles (B40–B42),[À DÉFINIR - ne pas déplacer sans migration],LEGACY_ACTIVE,Garder la référence; modifier seulement après validation du nouveau chemin
B42,b-soc-siem,"SOC/SIEM — ransomware, threat hunting, SIEM",IT-SHARED/60_BUNDLES/BUNDLE_SECURITY_Securite_V1.md,IT-SHARED/60_BUNDLES,BUNDLE_SECURITY_Securite_V1.md,bundle,🛡️ SÉCURITÉ — Bundles (B40–B42),[À DÉFINIR - ne pas déplacer sans migration],LEGACY_ACTIVE,Garder la référence; modifier seulement après validation du nouveau chemin
40,securite-ir,,IT-SHARED/10_RUNBOOKS/SECURITY/SEC-SECU-IncidentResponse_V3.md,IT-SHARED/10_RUNBOOKS/SECURITY,SEC-SECU-IncidentResponse_V3.md,runbook,🛡️ SÉCURITÉ — Runbooks individuels (40–44),[À DÉFINIR - ne pas déplacer sans migration],LEGACY_ACTIVE,Garder la référence; modifier seulement après validation du nouveau chemin
41,alert-response,,IT-SHARED/10_RUNBOOKS/SECURITY/SEC-SECU-AlertResponse_V2.md,IT-SHARED/10_RUNBOOKS/SECURITY,SEC-SECU-AlertResponse_V2.md,runbook,🛡️ SÉCURITÉ — Runbooks individuels (40–44),[À DÉFINIR - ne pas déplacer sans migration],LEGACY_ACTIVE,Garder la référence; modifier seulement après validation du nouveau chemin
42,ransomware,"soc-triage, threat-hunting",IT-SHARED/60_BUNDLES/BUNDLE_NOC_SOC_SIEM_V1.md,IT-SHARED/60_BUNDLES,BUNDLE_NOC_SOC_SIEM_V1.md,bundle,🛡️ SÉCURITÉ — Runbooks individuels (40–44),[À DÉFINIR - ne pas déplacer sans migration],LEGACY_ACTIVE,Garder la référence; modifier seulement après validation du nouveau chemin
43,security-audit,,IT-SHARED/10_RUNBOOKS/SECURITY/SEC-SECU-SecurityAudit_V2.md,IT-SHARED/10_RUNBOOKS/SECURITY,SEC-SECU-SecurityAudit_V2.md,runbook,🛡️ SÉCURITÉ — Runbooks individuels (40–44),[À DÉFINIR - ne pas déplacer sans migration],LEGACY_ACTIVE,Garder la référence; modifier seulement après validation du nouveau chemin
44,m365-compliance,,IT-SHARED/10_RUNBOOKS/SECURITY/SEC-M365-Compliance_Purview_V2.md,IT-SHARED/10_RUNBOOKS/SECURITY,SEC-M365-Compliance_Purview_V2.md,runbook,🛡️ SÉCURITÉ — Runbooks individuels (40–44),[À DÉFINIR - ne pas déplacer sans migration],LEGACY_ACTIVE,Garder la référence; modifier seulement après validation du nouveau chemin
B50,b-support,Mega-bundle support MSP complet,IT-SHARED/60_BUNDLES/BUNDLE_RUNBOOKS_IT_SUPPORT.md,IT-SHARED/60_BUNDLES,BUNDLE_RUNBOOKS_IT_SUPPORT.md,bundle,🎧 SUPPORT — Bundles (B50–B53),[À DÉFINIR - ne pas déplacer sans migration],LEGACY_ACTIVE,Garder la référence; modifier seulement après validation du nouveau chemin
B51,b-n1,"Support N1/N2 — MDP, comptes, WiFi, logiciels",IT-SHARED/60_BUNDLES/BUNDLE_SUPPORT_N1_UserSupport_V1.md,IT-SHARED/60_BUNDLES,BUNDLE_SUPPORT_N1_UserSupport_V1.md,bundle,🎧 SUPPORT — Bundles (B50–B53),[À DÉFINIR - ne pas déplacer sans migration],LEGACY_ACTIVE,Garder la référence; modifier seulement après validation du nouveau chemin
B52,b-live,"Intervention live — CW close, dispatch, KB",IT-SHARED/60_BUNDLES/BUNDLE_RUNBOOK_SUPPORT_Intervention-Live_V1.md,IT-SHARED/60_BUNDLES,BUNDLE_RUNBOOK_SUPPORT_Intervention-Live_V1.md,bundle,🎧 SUPPORT — Bundles (B50–B53),[À DÉFINIR - ne pas déplacer sans migration],LEGACY_ACTIVE,Garder la référence; modifier seulement après validation du nouveau chemin
B53,b-triage-kb,Triage N1/N2/N3 + création KB,IT-SHARED/60_BUNDLES/BUNDLE_RUNBOOK_SUPPORT_Triage-KB_V1.md,IT-SHARED/60_BUNDLES,BUNDLE_RUNBOOK_SUPPORT_Triage-KB_V1.md,bundle,🎧 SUPPORT — Bundles (B50–B53),[À DÉFINIR - ne pas déplacer sans migration],LEGACY_ACTIVE,Garder la référence; modifier seulement après validation du nouveau chemin
50,triage-support,triage,IT-SHARED/10_RUNBOOKS/SUPPORT/SUP-N1N2-SupportTriage_V2.md,IT-SHARED/10_RUNBOOKS/SUPPORT,SUP-N1N2-SupportTriage_V2.md,runbook,🎧 SUPPORT — Runbooks individuels (50–62b),[À DÉFINIR - ne pas déplacer sans migration],LEGACY_ACTIVE,Garder la référence; modifier seulement après validation du nouveau chemin
51,support-n2,"mdp, compte, wifi, logiciel, application",IT-SHARED/10_RUNBOOKS/SUPPORT/SUP-N2-Support_V2.md,IT-SHARED/10_RUNBOOKS/SUPPORT,SUP-N2-Support_V2.md,runbook,🎧 SUPPORT — Runbooks individuels (50–62b),[À DÉFINIR - ne pas déplacer sans migration],LEGACY_ACTIVE,Garder la référence; modifier seulement après validation du nouveau chemin
53,imprimante,print-diag,IT-SHARED/60_BUNDLES/BUNDLE_SUPPORT_Print_Diag_V1.md,IT-SHARED/60_BUNDLES,BUNDLE_SUPPORT_Print_Diag_V1.md,bundle,🎧 SUPPORT — Runbooks individuels (50–62b),[À DÉFINIR - ne pas déplacer sans migration],LEGACY_ACTIVE,Garder la référence; modifier seulement après validation du nouveau chemin
55,vpn,,IT-SHARED/10_RUNBOOKS/SUPPORT/SUP-NET-VPN_Troubleshooting_V2.md,IT-SHARED/10_RUNBOOKS/SUPPORT,SUP-NET-VPN_Troubleshooting_V2.md,runbook,🎧 SUPPORT — Runbooks individuels (50–62b),[À DÉFINIR - ne pas déplacer sans migration],LEGACY_ACTIVE,Garder la référence; modifier seulement après validation du nouveau chemin
58,srv-ad,serveur-opr,IT-SHARED/60_BUNDLES/BUNDLE_SUPPORT_SERVER-AD.md,IT-SHARED/60_BUNDLES,BUNDLE_SUPPORT_SERVER-AD.md,bundle,🎧 SUPPORT — Runbooks individuels (50–62b),[À DÉFINIR - ne pas déplacer sans migration],LEGACY_ACTIVE,Garder la référence; modifier seulement après validation du nouveau chemin
59,onedrive-sync,M365-sync,IT-SHARED/10_RUNBOOKS/SUPPORT/SUP-M365-OneDrive_SharePoint_Sync_V2.md,IT-SHARED/10_RUNBOOKS/SUPPORT,SUP-M365-OneDrive_SharePoint_Sync_V2.md,runbook,🎧 SUPPORT — Runbooks individuels (50–62b),[À DÉFINIR - ne pas déplacer sans migration],LEGACY_ACTIVE,Garder la référence; modifier seulement après validation du nouveau chemin
60,intervention,,IT-SHARED/10_RUNBOOKS/SUPPORT/SUP-OPS-CW_InterventionLive_Close_V2.md,IT-SHARED/10_RUNBOOKS/SUPPORT,SUP-OPS-CW_InterventionLive_Close_V2.md,runbook,🎧 SUPPORT — Runbooks individuels (50–62b),[À DÉFINIR - ne pas déplacer sans migration],LEGACY_ACTIVE,Garder la référence; modifier seulement après validation du nouveau chemin
61,close-cw,,IT-SHARED/10_RUNBOOKS/SUPPORT/SUP-OPS-CW_InterventionLive_Close_V2.md,IT-SHARED/10_RUNBOOKS/SUPPORT,SUP-OPS-CW_InterventionLive_Close_V2.md,runbook,🎧 SUPPORT — Runbooks individuels (50–62b),[À DÉFINIR - ne pas déplacer sans migration],LEGACY_ACTIVE,Garder la référence; modifier seulement après validation du nouveau chemin
62,dispatch,,IT-SHARED/10_RUNBOOKS/SUPPORT/SUP-OPS-CW_Dispatch_V2.md,IT-SHARED/10_RUNBOOKS/SUPPORT,SUP-OPS-CW_Dispatch_V2.md,runbook,🎧 SUPPORT — Runbooks individuels (50–62b),[À DÉFINIR - ne pas déplacer sans migration],LEGACY_ACTIVE,Garder la référence; modifier seulement après validation du nouveau chemin
62b,ticket-to-kb,,IT-SHARED/10_RUNBOOKS/SUPPORT/SUP-OPS-TicketToKB_V2.md,IT-SHARED/10_RUNBOOKS/SUPPORT,SUP-OPS-TicketToKB_V2.md,runbook,🎧 SUPPORT — Runbooks individuels (50–62b),[À DÉFINIR - ne pas déplacer sans migration],LEGACY_ACTIVE,Garder la référence; modifier seulement après validation du nouveau chemin
80,tpl-cw,,IT-SHARED/20_TEMPLATES/01_TEMPLATE_CW/TEMPLATE_BUNDLE_CW_CLOSE.md,IT-SHARED/20_TEMPLATES/01_TEMPLATE_CW,TEMPLATE_BUNDLE_CW_CLOSE.md,template,📋 TEMPLATES (80–89f),[À DÉFINIR - ne pas déplacer sans migration],LEGACY_ACTIVE,Garder la référence; modifier seulement après validation du nouveau chemin
81,tpl-note,,IT-SHARED/20_TEMPLATES/01_TEMPLATE_CW/TEMPLATE__CW_NOTE_INTERNE.md,IT-SHARED/20_TEMPLATES/01_TEMPLATE_CW,TEMPLATE__CW_NOTE_INTERNE.md,template,📋 TEMPLATES (80–89f),[À DÉFINIR - ne pas déplacer sans migration],LEGACY_ACTIVE,Garder la référence; modifier seulement après validation du nouveau chemin
82,tpl-discussion,,IT-SHARED/20_TEMPLATES/01_TEMPLATE_CW/TEMPLATE__CW_DISCUSSION.md,IT-SHARED/20_TEMPLATES/01_TEMPLATE_CW,TEMPLATE__CW_DISCUSSION.md,template,📋 TEMPLATES (80–89f),[À DÉFINIR - ne pas déplacer sans migration],LEGACY_ACTIVE,Garder la référence; modifier seulement après validation du nouveau chemin
83,tpl-email,,IT-SHARED/20_TEMPLATES/01_TEMPLATE_CW/TEMPLATE__EMAIL_CLIENT.md,IT-SHARED/20_TEMPLATES/01_TEMPLATE_CW,TEMPLATE__EMAIL_CLIENT.md,template,📋 TEMPLATES (80–89f),[À DÉFINIR - ne pas déplacer sans migration],LEGACY_ACTIVE,Garder la référence; modifier seulement après validation du nouveau chemin
84,tpl-teams,,IT-SHARED/20_TEMPLATES/02_TEMPLATE_COM/TEMPLATE_COM_Teams-Incident-Actif_V1.md,IT-SHARED/20_TEMPLATES/02_TEMPLATE_COM,TEMPLATE_COM_Teams-Incident-Actif_V1.md,template,📋 TEMPLATES (80–89f),[À DÉFINIR - ne pas déplacer sans migration],LEGACY_ACTIVE,Garder la référence; modifier seulement après validation du nouveau chemin
85,tpl-flagup,,IT-SHARED/20_TEMPLATES/02_TEMPLATE_COM/TEMPLATE__FLAG_UP_AVERTISSEMENT.md,IT-SHARED/20_TEMPLATES/02_TEMPLATE_COM,TEMPLATE__FLAG_UP_AVERTISSEMENT.md,template,📋 TEMPLATES (80–89f),[À DÉFINIR - ne pas déplacer sans migration],LEGACY_ACTIVE,Garder la référence; modifier seulement après validation du nouveau chemin
86,tpl-postmortem,,IT-SHARED/20_TEMPLATES/08_TEMPLATE_REPORTS/TEMPLATE_REPORT_Postmortem_V2.md,IT-SHARED/20_TEMPLATES/08_TEMPLATE_REPORTS,TEMPLATE_REPORT_Postmortem_V2.md,template,📋 TEMPLATES (80–89f),[À DÉFINIR - ne pas déplacer sans migration],LEGACY_ACTIVE,Garder la référence; modifier seulement après validation du nouveau chemin
87,tpl-qbr,,IT-SHARED/20_TEMPLATES/08_TEMPLATE_REPORTS/TEMPLATE_REPORT_QBR_V1.md,IT-SHARED/20_TEMPLATES/08_TEMPLATE_REPORTS,TEMPLATE_REPORT_QBR_V1.md,template,📋 TEMPLATES (80–89f),[À DÉFINIR - ne pas déplacer sans migration],LEGACY_ACTIVE,Garder la référence; modifier seulement après validation du nouveau chemin
88,tpl-mensuel,,IT-SHARED/20_TEMPLATES/08_TEMPLATE_REPORTS/TEMPLATE_REPORT_Mensuel_V1.md,IT-SHARED/20_TEMPLATES/08_TEMPLATE_REPORTS,TEMPLATE_REPORT_Mensuel_V1.md,template,📋 TEMPLATES (80–89f),[À DÉFINIR - ne pas déplacer sans migration],LEGACY_ACTIVE,Garder la référence; modifier seulement après validation du nouveau chemin
89,tpl-hudu,edocs,IT-SHARED/20_TEMPLATES/09_TEMPLATE_HUDU/TEMPLATE__EDOCS_FICHE_OBJET_IT.md,IT-SHARED/20_TEMPLATES/09_TEMPLATE_HUDU,TEMPLATE__EDOCS_FICHE_OBJET_IT.md,template,📋 TEMPLATES (80–89f),[À DÉFINIR - ne pas déplacer sans migration],LEGACY_ACTIVE,Garder la référence; modifier seulement après validation du nouveau chemin
89b,tpl-kb,,IT-SHARED/20_TEMPLATES/05_TEMPLATE_KNOWLEDGE/TEMPLATE_KNOWLEDGE_KB-Article-et-Procedure_V1.md,IT-SHARED/20_TEMPLATES/05_TEMPLATE_KNOWLEDGE,TEMPLATE_KNOWLEDGE_KB-Article-et-Procedure_V1.md,template,📋 TEMPLATES (80–89f),[À DÉFINIR - ne pas déplacer sans migration],LEGACY_ACTIVE,Garder la référence; modifier seulement après validation du nouveau chemin
89c,tpl-incident,,IT-SHARED/20_TEMPLATES/06_TEMPLATE _INCIDENT/TEMPLATE__INCIDENT_CRITIQUE.md,IT-SHARED/20_TEMPLATES/06_TEMPLATE _INCIDENT,TEMPLATE__INCIDENT_CRITIQUE.md,template,📋 TEMPLATES (80–89f),[À DÉFINIR - ne pas déplacer sans migration],LEGACY_ACTIVE,Garder la référence; modifier seulement après validation du nouveau chemin
89d,tpl-dr-test,,IT-SHARED/20_TEMPLATES/07_TEMPLATE_BACKUP/TEMPLATE_BACKUP_DR-Test-et-Restore_V1.md,IT-SHARED/20_TEMPLATES/07_TEMPLATE_BACKUP,TEMPLATE_BACKUP_DR-Test-et-Restore_V1.md,template,📋 TEMPLATES (80–89f),[À DÉFINIR - ne pas déplacer sans migration],LEGACY_ACTIVE,Garder la référence; modifier seulement après validation du nouveau chemin
89e,tpl-post-panne,,IT-SHARED/20_TEMPLATES/12_TEMPLATE_DIAG/TEMPLATE_DIAG_PostPanneHQ.md,IT-SHARED/20_TEMPLATES/12_TEMPLATE_DIAG,TEMPLATE_DIAG_PostPanneHQ.md,template,📋 TEMPLATES (80–89f),[À DÉFINIR - ne pas déplacer sans migration],LEGACY_ACTIVE,Garder la référence; modifier seulement après validation du nouveau chemin
89f,tpl-naming,,IT-SHARED/20_TEMPLATES/13_NAMING_STANDARDS/NAMING_STANDARDS_v1.md,IT-SHARED/20_TEMPLATES/13_NAMING_STANDARDS,NAMING_STANDARDS_v1.md,template,📋 TEMPLATES (80–89f),[À DÉFINIR - ne pas déplacer sans migration],LEGACY_ACTIVE,Garder la référence; modifier seulement après validation du nouveau chemin
