source_archive,relative_path,filename,clean_name,extension,artifact_type,domain_family,initial_status,size_bytes,target_action,canonical_target,notes
60_BUNDLES.zip,BUNDLE_INFRA_365.md,BUNDLE_INFRA_365.md,BUNDLE_INFRA_365,.md,BUNDLE,CLOUD_M365OPS,REVIEW_CANONICAL,25044,NORMALIZE_AS_MANIFEST,,
60_BUNDLES.zip,BUNDLE_INFRA_CLOUD_AWS_V1.md,BUNDLE_INFRA_CLOUD_AWS_V1.md,BUNDLE_INFRA_CLOUD_AWS_V1,.md,BUNDLE,CLOUD_M365OPS,REVIEW_CANONICAL,4479,NORMALIZE_AS_MANIFEST,,
60_BUNDLES.zip,BUNDLE_INFRA_CLOUD_GCP_GoogleWorkspace_V1.md,BUNDLE_INFRA_CLOUD_GCP_GoogleWorkspace_V1.md,BUNDLE_INFRA_CLOUD_GCP_GoogleWorkspace_V1,.md,BUNDLE,CLOUD_M365OPS,REVIEW_CANONICAL,3841,NORMALIZE_AS_MANIFEST,,
60_BUNDLES.zip,BUNDLE_INFRA_DNS_Domains_V1.md,BUNDLE_INFRA_DNS_Domains_V1.md,BUNDLE_INFRA_DNS_Domains_V1,.md,BUNDLE,NETWORKOPS,REVIEW_CANONICAL,6630,NORMALIZE_AS_MANIFEST,,
60_BUNDLES.zip,BUNDLE_INFRA_FIREWALL.md,BUNDLE_INFRA_FIREWALL.md,BUNDLE_INFRA_FIREWALL,.md,BUNDLE,NETWORKOPS,REVIEW_CANONICAL,27381,NORMALIZE_AS_MANIFEST,,
60_BUNDLES.zip,BUNDLE_INFRA_LINUX_V1.md,BUNDLE_INFRA_LINUX_V1.md,BUNDLE_INFRA_LINUX_V1,.md,BUNDLE,UNCLASSIFIED,REVIEW_CANONICAL,3844,NORMALIZE_AS_MANIFEST,,
60_BUNDLES.zip,BUNDLE_INFRA_SERVER.md,BUNDLE_INFRA_SERVER.md,BUNDLE_INFRA_SERVER,.md,BUNDLE,UNCLASSIFIED,REVIEW_CANONICAL,31626,NORMALIZE_AS_MANIFEST,,
60_BUNDLES.zip,BUNDLE_INFRA_VIRTUALISATION.md,BUNDLE_INFRA_VIRTUALISATION.md,BUNDLE_INFRA_VIRTUALISATION,.md,BUNDLE,VIRTUALIZATIONOPS,REVIEW_CANONICAL,19775,NORMALIZE_AS_MANIFEST,,
60_BUNDLES.zip,BUNDLE_MASTER_Core-MSP_V1.md,BUNDLE_MASTER_Core-MSP_V1.md,BUNDLE_MASTER_Core-MSP_V1,.md,BUNDLE,CORE,REVIEW_CANONICAL,4542,NORMALIZE_AS_MANIFEST,,
60_BUNDLES.zip,BUNDLE_MASTER_Gouvernance_V1.md,BUNDLE_MASTER_Gouvernance_V1.md,BUNDLE_MASTER_Gouvernance_V1,.md,BUNDLE,CORE,REVIEW_CANONICAL,4993,NORMALIZE_AS_MANIFEST,,
60_BUNDLES.zip,BUNDLE_NOC_Intervention_V1.md,BUNDLE_NOC_Intervention_V1.md,BUNDLE_NOC_Intervention_V1,.md,BUNDLE,NOCOPS,REVIEW_CANONICAL,4492,NORMALIZE_AS_MANIFEST,,
60_BUNDLES.zip,BUNDLE_NOC_SOC_SIEM_V1.md,BUNDLE_NOC_SOC_SIEM_V1.md,BUNDLE_NOC_SOC_SIEM_V1,.md,BUNDLE,NOCOPS,REVIEW_CANONICAL,10541,NORMALIZE_AS_MANIFEST,,
60_BUNDLES.zip,BUNDLE_RUNBOOKS_IT_BACKUP_DR.md,BUNDLE_RUNBOOKS_IT_BACKUP_DR.md,BUNDLE_RUNBOOKS_IT_BACKUP_DR,.md,BUNDLE,BACKUPDROPS,REVIEW_CANONICAL,8704,NORMALIZE_AS_MANIFEST,,
60_BUNDLES.zip,BUNDLE_RUNBOOKS_IT_CLOUD.md,BUNDLE_RUNBOOKS_IT_CLOUD.md,BUNDLE_RUNBOOKS_IT_CLOUD,.md,BUNDLE,CLOUD_M365OPS,REVIEW_CANONICAL,17822,NORMALIZE_AS_MANIFEST,,
60_BUNDLES.zip,BUNDLE_RUNBOOKS_IT_INFRA.md,BUNDLE_RUNBOOKS_IT_INFRA.md,BUNDLE_RUNBOOKS_IT_INFRA,.md,BUNDLE,UNCLASSIFIED,REVIEW_CANONICAL,33650,NORMALIZE_AS_MANIFEST,,
60_BUNDLES.zip,BUNDLE_RUNBOOKS_IT_NOC_URGENCE.md,BUNDLE_RUNBOOKS_IT_NOC_URGENCE.md,BUNDLE_RUNBOOKS_IT_NOC_URGENCE,.md,BUNDLE,NOCOPS,REVIEW_CANONICAL,19153,NORMALIZE_AS_MANIFEST,,
60_BUNDLES.zip,BUNDLE_RUNBOOKS_IT_RESEAU_VOIP.md,BUNDLE_RUNBOOKS_IT_RESEAU_VOIP.md,BUNDLE_RUNBOOKS_IT_RESEAU_VOIP,.md,BUNDLE,NETWORKOPS,REVIEW_CANONICAL,16296,NORMALIZE_AS_MANIFEST,,
60_BUNDLES.zip,BUNDLE_RUNBOOKS_IT_SECURITE.md,BUNDLE_RUNBOOKS_IT_SECURITE.md,BUNDLE_RUNBOOKS_IT_SECURITE,.md,BUNDLE,SECOPS,REVIEW_CANONICAL,24820,NORMALIZE_AS_MANIFEST,,
60_BUNDLES.zip,BUNDLE_RUNBOOKS_IT_SUPPORT.md,BUNDLE_RUNBOOKS_IT_SUPPORT.md,BUNDLE_RUNBOOKS_IT_SUPPORT,.md,BUNDLE,SUPPORT_TICKETOPS,REVIEW_CANONICAL,41073,NORMALIZE_AS_MANIFEST,,
60_BUNDLES.zip,BUNDLE_RUNBOOK_BACKUP_Datto-Keepit-DR_V1.md,BUNDLE_RUNBOOK_BACKUP_Datto-Keepit-DR_V1.md,BUNDLE_RUNBOOK_BACKUP_Datto-Keepit-DR_V1,.md,BUNDLE,BACKUPDROPS,REVIEW_CANONICAL,23747,NORMALIZE_AS_MANIFEST,,
60_BUNDLES.zip,BUNDLE_RUNBOOK_BACKUP_Veeam-Operations_V1.md,BUNDLE_RUNBOOK_BACKUP_Veeam-Operations_V1.md,BUNDLE_RUNBOOK_BACKUP_Veeam-Operations_V1,.md,BUNDLE,BACKUPDROPS,REVIEW_CANONICAL,22177,NORMALIZE_AS_MANIFEST,,
60_BUNDLES.zip,BUNDLE_RUNBOOK_INFRA_AD-Operations_V1.md,BUNDLE_RUNBOOK_INFRA_AD-Operations_V1.md,BUNDLE_RUNBOOK_INFRA_AD-Operations_V1,.md,BUNDLE,DIRECTORYOPS,REVIEW_CANONICAL,17487,NORMALIZE_AS_MANIFEST,,
60_BUNDLES.zip,BUNDLE_RUNBOOK_INFRA_Firewall-VPN_V1.md,BUNDLE_RUNBOOK_INFRA_Firewall-VPN_V1.md,BUNDLE_RUNBOOK_INFRA_Firewall-VPN_V1,.md,BUNDLE,NETWORKOPS,REVIEW_CANONICAL,37272,NORMALIZE_AS_MANIFEST,,
60_BUNDLES.zip,BUNDLE_RUNBOOK_INFRA_Hyperviseurs_V1.md,BUNDLE_RUNBOOK_INFRA_Hyperviseurs_V1.md,BUNDLE_RUNBOOK_INFRA_Hyperviseurs_V1,.md,BUNDLE,VIRTUALIZATIONOPS,REVIEW_CANONICAL,25640,NORMALIZE_AS_MANIFEST,,
60_BUNDLES.zip,BUNDLE_RUNBOOK_INFRA_M365_V1.md,BUNDLE_RUNBOOK_INFRA_M365_V1.md,BUNDLE_RUNBOOK_INFRA_M365_V1,.md,BUNDLE,CLOUD_M365OPS,REVIEW_CANONICAL,51231,NORMALIZE_AS_MANIFEST,,
60_BUNDLES.zip,BUNDLE_RUNBOOK_INFRA_RDS-Operations_V1.md,BUNDLE_RUNBOOK_INFRA_RDS-Operations_V1.md,BUNDLE_RUNBOOK_INFRA_RDS-Operations_V1,.md,BUNDLE,UNCLASSIFIED,REVIEW_CANONICAL,16160,NORMALIZE_AS_MANIFEST,,
60_BUNDLES.zip,BUNDLE_RUNBOOK_MAINTENANCE_Patching-Windows_V1.md,BUNDLE_RUNBOOK_MAINTENANCE_Patching-Windows_V1.md,BUNDLE_RUNBOOK_MAINTENANCE_Patching-Windows_V1,.md,BUNDLE,MAINT_SERVEROPS,REVIEW_CANONICAL,30160,NORMALIZE_AS_MANIFEST,,
60_BUNDLES.zip,BUNDLE_RUNBOOK_MAINTENANCE_Server-Health_V1.md,BUNDLE_RUNBOOK_MAINTENANCE_Server-Health_V1.md,BUNDLE_RUNBOOK_MAINTENANCE_Server-Health_V1,.md,BUNDLE,MAINT_SERVEROPS,REVIEW_CANONICAL,10405,NORMALIZE_AS_MANIFEST,,
60_BUNDLES.zip,BUNDLE_RUNBOOK_NOC_RMM-Monitoring_V1.md,BUNDLE_RUNBOOK_NOC_RMM-Monitoring_V1.md,BUNDLE_RUNBOOK_NOC_RMM-Monitoring_V1,.md,BUNDLE,NOCOPS,REVIEW_CANONICAL,22414,NORMALIZE_AS_MANIFEST,,
60_BUNDLES.zip,BUNDLE_RUNBOOK_SECURITY_Incident-Response_V1.md,BUNDLE_RUNBOOK_SECURITY_Incident-Response_V1.md,BUNDLE_RUNBOOK_SECURITY_Incident-Response_V1,.md,BUNDLE,SECOPS,REVIEW_CANONICAL,36360,NORMALIZE_AS_MANIFEST,,
60_BUNDLES.zip,BUNDLE_RUNBOOK_SUPPORT_Intervention-Live_V1.md,BUNDLE_RUNBOOK_SUPPORT_Intervention-Live_V1.md,BUNDLE_RUNBOOK_SUPPORT_Intervention-Live_V1,.md,BUNDLE,SUPPORT_TICKETOPS,REVIEW_CANONICAL,63714,NORMALIZE_AS_MANIFEST,,
60_BUNDLES.zip,BUNDLE_RUNBOOK_SUPPORT_Triage-KB_V1.md,BUNDLE_RUNBOOK_SUPPORT_Triage-KB_V1.md,BUNDLE_RUNBOOK_SUPPORT_Triage-KB_V1,.md,BUNDLE,SUPPORT_TICKETOPS,REVIEW_CANONICAL,21010,NORMALIZE_AS_MANIFEST,,
60_BUNDLES.zip,BUNDLE_SECURITY_Securite_V1.md,BUNDLE_SECURITY_Securite_V1.md,BUNDLE_SECURITY_Securite_V1,.md,BUNDLE,SECOPS,REVIEW_CANONICAL,5043,NORMALIZE_AS_MANIFEST,,
60_BUNDLES.zip,BUNDLE_SUPPORT_N1_UserSupport_V1.md,BUNDLE_SUPPORT_N1_UserSupport_V1.md,BUNDLE_SUPPORT_N1_UserSupport_V1,.md,BUNDLE,SUPPORT_TICKETOPS,REVIEW_CANONICAL,9152,NORMALIZE_AS_MANIFEST,,
60_BUNDLES.zip,BUNDLE_SUPPORT_Print_Diag_V1.md,BUNDLE_SUPPORT_Print_Diag_V1.md,BUNDLE_SUPPORT_Print_Diag_V1,.md,BUNDLE,SUPPORT_TICKETOPS,REVIEW_CANONICAL,4967,NORMALIZE_AS_MANIFEST,,
60_BUNDLES.zip,BUNDLE_SUPPORT_SERVER-AD.md,BUNDLE_SUPPORT_SERVER-AD.md,BUNDLE_SUPPORT_SERVER-AD,.md,BUNDLE,SUPPORT_TICKETOPS,REVIEW_CANONICAL,31626,NORMALIZE_AS_MANIFEST,,
60_BUNDLES.zip,BUNDLE_vs_AGENT_V3.2.md,BUNDLE_vs_AGENT_V3.2.md,BUNDLE_vs_AGENT_V3.2,.md,BUNDLE,UNCLASSIFIED,REVIEW_CANONICAL,16028,NORMALIZE_AS_MANIFEST,,
60_BUNDLES.zip,BUNDLE__INFRA_Firewall.md,BUNDLE__INFRA_Firewall.md,BUNDLE__INFRA_Firewall,.md,BUNDLE,NETWORKOPS,REVIEW_CANONICAL,32654,NORMALIZE_AS_MANIFEST,,
60_BUNDLES.zip,BUNDLE__IT_CORE_MSP.md,BUNDLE__IT_CORE_MSP.md,BUNDLE__IT_CORE_MSP,.md,BUNDLE,UNCLASSIFIED,REVIEW_CANONICAL,4544,NORMALIZE_AS_MANIFEST,,
60_BUNDLES.zip,BUNDLE__IT_GOVERNANCE.md,BUNDLE__IT_GOVERNANCE.md,BUNDLE__IT_GOVERNANCE,.md,BUNDLE,UNCLASSIFIED,REVIEW_CANONICAL,4969,NORMALIZE_AS_MANIFEST,,
60_BUNDLES.zip,BUNDLE__IT_NOC_INTERVENTION.md,BUNDLE__IT_NOC_INTERVENTION.md,BUNDLE__IT_NOC_INTERVENTION,.md,BUNDLE,NOCOPS,REVIEW_CANONICAL,4484,NORMALIZE_AS_MANIFEST,,
60_BUNDLES.zip,BUNDLE__IT_SECURITY.md,BUNDLE__IT_SECURITY.md,BUNDLE__IT_SECURITY,.md,BUNDLE,SECOPS,REVIEW_CANONICAL,5037,NORMALIZE_AS_MANIFEST,,
50_REFERENCE.zip,GUIDE__Azure_Troubleshooting.md,GUIDE__Azure_Troubleshooting.md,GUIDE__Azure_Troubleshooting,.md,REFERENCE,CLOUD_M365OPS,REVIEW_LIBRARY,12119,DEDUP_REFERENCE_LIBRARY,,
50_REFERENCE.zip,GUIDE__Best_Practices.md,GUIDE__Best_Practices.md,GUIDE__Best_Practices,.md,REFERENCE,REFERENCE,REVIEW_LIBRARY,1715,DEDUP_REFERENCE_LIBRARY,,
50_REFERENCE.zip,GUIDE__Troubleshooting.md,GUIDE__Troubleshooting.md,GUIDE__Troubleshooting,.md,REFERENCE,REFERENCE,REVIEW_LIBRARY,1720,DEDUP_REFERENCE_LIBRARY,,
50_REFERENCE.zip,GUIDE__VEEAM_Best_Practices.md,GUIDE__VEEAM_Best_Practices.md,GUIDE__VEEAM_Best_Practices,.md,REFERENCE,BACKUPDROPS,REVIEW_LIBRARY,1724,DEDUP_REFERENCE_LIBRARY,,
50_REFERENCE.zip,GUIDE__Writing_Standards.md,GUIDE__Writing_Standards.md,GUIDE__Writing_Standards,.md,REFERENCE,REFERENCE,REVIEW_LIBRARY,1691,DEDUP_REFERENCE_LIBRARY,,
50_REFERENCE.zip,MEM-IT-Comms-Templates.md,MEM-IT-Comms-Templates.md,MEM-IT-Comms-Templates,.md,TEMPLATE,UNCLASSIFIED,REVIEW_LIBRARY,1724,MAP_TO_OUTPUT_TYPE,,
50_REFERENCE.zip,MEM-IT-Conventions.md,MEM-IT-Conventions.md,MEM-IT-Conventions,.md,REFERENCE,UNCLASSIFIED,REVIEW_LIBRARY,2078,DEDUP_REFERENCE_LIBRARY,,
50_REFERENCE.zip,MEM-IT-REFERENCE-ONEPAGER.md,MEM-IT-REFERENCE-ONEPAGER.md,MEM-IT-REFERENCE-ONEPAGER,.md,REFERENCE,REFERENCE,REVIEW_LIBRARY,1700,DEDUP_REFERENCE_LIBRARY,,
50_REFERENCE.zip,MEM-IT-Routing-Rules.md,MEM-IT-Routing-Rules.md,MEM-IT-Routing-Rules,.md,REFERENCE,UNCLASSIFIED,REVIEW_LIBRARY,2599,DEDUP_REFERENCE_LIBRARY,,
50_REFERENCE.zip,MEM-IT-Severity-Matrix.md,MEM-IT-Severity-Matrix.md,MEM-IT-Severity-Matrix,.md,INDEX_ROUTING,UNCLASSIFIED,REVIEW_CANONICAL,1728,MERGE_TO_MASTER_INDEX,,
50_REFERENCE.zip,REFERENCE_LIBRARY__IT_MASTER_v1.md,REFERENCE_LIBRARY__IT_MASTER_v1.md,REFERENCE_LIBRARY__IT_MASTER_v1,.md,REFERENCE,REFERENCE,REVIEW_LIBRARY,43611,DEDUP_REFERENCE_LIBRARY,,
50_REFERENCE.zip,REFERENCE_MASTER_Naming-Standards_V1.md,REFERENCE_MASTER_Naming-Standards_V1.md,REFERENCE_MASTER_Naming-Standards_V1,.md,REFERENCE,REFERENCE,REVIEW_LIBRARY,5136,DEDUP_REFERENCE_LIBRARY,,
50_REFERENCE.zip,REFERENCE__Cisco_Commands.md,REFERENCE__Cisco_Commands.md,REFERENCE__Cisco_Commands,.md,REFERENCE,REFERENCE,REVIEW_LIBRARY,1725,DEDUP_REFERENCE_LIBRARY,,
50_REFERENCE.zip,REFERENCE__Cloud_Admin_Portals.md,REFERENCE__Cloud_Admin_Portals.md,REFERENCE__Cloud_Admin_Portals,.md,REFERENCE,CLOUD_M365OPS,REVIEW_LIBRARY,12813,DEDUP_REFERENCE_LIBRARY,,
50_REFERENCE.zip,REFERENCE__Commands.md,REFERENCE__Commands.md,REFERENCE__Commands,.md,REFERENCE,REFERENCE,REVIEW_LIBRARY,1728,DEDUP_REFERENCE_LIBRARY,,
50_REFERENCE.zip,REFERENCE__Common_Cloud_Commands.md,REFERENCE__Common_Cloud_Commands.md,REFERENCE__Common_Cloud_Commands,.md,REFERENCE,CLOUD_M365OPS,REVIEW_LIBRARY,6908,DEDUP_REFERENCE_LIBRARY,,
50_REFERENCE.zip,REFERENCE__Common_Commands.md,REFERENCE__Common_Commands.md,REFERENCE__Common_Commands,.md,REFERENCE,REFERENCE,REVIEW_LIBRARY,1716,DEDUP_REFERENCE_LIBRARY,,
50_REFERENCE.zip,REFERENCE__EDOCS_STANDARD.md,REFERENCE__EDOCS_STANDARD.md,REFERENCE__EDOCS_STANDARD,.md,REFERENCE,REFERENCE,REVIEW_LIBRARY,4274,DEDUP_REFERENCE_LIBRARY,,
50_REFERENCE.zip,REFERENCE__Metrics.md,REFERENCE__Metrics.md,REFERENCE__Metrics,.md,REFERENCE,REFERENCE,REVIEW_LIBRARY,1723,DEDUP_REFERENCE_LIBRARY,,
50_REFERENCE.zip,REFERENCE__SLA_Matrix.md,REFERENCE__SLA_Matrix.md,REFERENCE__SLA_Matrix,.md,INDEX_ROUTING,OPROPS,REVIEW_CANONICAL,1715,MERGE_TO_MASTER_INDEX,,
50_REFERENCE.zip,REFERENCE__Standards.md,REFERENCE__Standards.md,REFERENCE__Standards,.md,REFERENCE,REFERENCE,REVIEW_LIBRARY,1719,DEDUP_REFERENCE_LIBRARY,,
50_REFERENCE.zip,REFERENCE__Template_Library.md,REFERENCE__Template_Library.md,REFERENCE__Template_Library,.md,TEMPLATE,REFERENCE,REVIEW_LIBRARY,1727,MAP_TO_OUTPUT_TYPE,,
50_REFERENCE.zip,REF__GUIDE_INFRA_Azure-Troubleshooting_V1.md,REF__GUIDE_INFRA_Azure-Troubleshooting_V1.md,REF__GUIDE_INFRA_Azure-Troubleshooting_V1,.md,REFERENCE,CLOUD_M365OPS,REVIEW_LIBRARY,12119,DEDUP_REFERENCE_LIBRARY,,
50_REFERENCE.zip,REF__REFERENCE_COM_Comms-Templates_V1.md,REF__REFERENCE_COM_Comms-Templates_V1.md,REF__REFERENCE_COM_Comms-Templates_V1,.md,TEMPLATE,REFERENCE,REVIEW_LIBRARY,1724,MAP_TO_OUTPUT_TYPE,,
50_REFERENCE.zip,REF__REFERENCE_HUDU_Edocs-Standard_V1.md,REF__REFERENCE_HUDU_Edocs-Standard_V1.md,REF__REFERENCE_HUDU_Edocs-Standard_V1,.md,REFERENCE,REFERENCE,REVIEW_LIBRARY,4274,DEDUP_REFERENCE_LIBRARY,,
50_REFERENCE.zip,REF__REFERENCE_INFRA_Cloud-Admin-Portals_V1.md,REF__REFERENCE_INFRA_Cloud-Admin-Portals_V1.md,REF__REFERENCE_INFRA_Cloud-Admin-Portals_V1,.md,REFERENCE,CLOUD_M365OPS,REVIEW_LIBRARY,12813,DEDUP_REFERENCE_LIBRARY,,
50_REFERENCE.zip,REF__REFERENCE_INFRA_Commandes-Reseau-et-Systeme_V1.md,REF__REFERENCE_INFRA_Commandes-Reseau-et-Systeme_V1.md,REF__REFERENCE_INFRA_Commandes-Reseau-et-Systeme_V1,.md,REFERENCE,REFERENCE,REVIEW_LIBRARY,2850,DEDUP_REFERENCE_LIBRARY,,
50_REFERENCE.zip,REF__REFERENCE_INFRA_Common-Cloud-Commands_V1.md,REF__REFERENCE_INFRA_Common-Cloud-Commands_V1.md,REF__REFERENCE_INFRA_Common-Cloud-Commands_V1,.md,REFERENCE,CLOUD_M365OPS,REVIEW_LIBRARY,6908,DEDUP_REFERENCE_LIBRARY,,
50_REFERENCE.zip,REF__REFERENCE_MASTER_Conventions_V1.md,REF__REFERENCE_MASTER_Conventions_V1.md,REF__REFERENCE_MASTER_Conventions_V1,.md,REFERENCE,REFERENCE,REVIEW_LIBRARY,2078,DEDUP_REFERENCE_LIBRARY,,
50_REFERENCE.zip,REF__REFERENCE_MASTER_Library-IT_V1.md,REF__REFERENCE_MASTER_Library-IT_V1.md,REF__REFERENCE_MASTER_Library-IT_V1,.md,REFERENCE,REFERENCE,REVIEW_LIBRARY,43611,DEDUP_REFERENCE_LIBRARY,,
50_REFERENCE.zip,REF__REFERENCE_MASTER_OnePager_V1.md,REF__REFERENCE_MASTER_OnePager_V1.md,REF__REFERENCE_MASTER_OnePager_V1,.md,REFERENCE,REFERENCE,REVIEW_LIBRARY,1700,DEDUP_REFERENCE_LIBRARY,,
50_REFERENCE.zip,REF__REFERENCE_MASTER_Routing-Rules_V1.md,REF__REFERENCE_MASTER_Routing-Rules_V1.md,REF__REFERENCE_MASTER_Routing-Rules_V1,.md,REFERENCE,REFERENCE,REVIEW_LIBRARY,2599,DEDUP_REFERENCE_LIBRARY,,
50_REFERENCE.zip,REF__REFERENCE_MASTER_Severity-Matrix_V1.md,REF__REFERENCE_MASTER_Severity-Matrix_V1.md,REF__REFERENCE_MASTER_Severity-Matrix_V1,.md,INDEX_ROUTING,REFERENCE,REVIEW_CANONICAL,1728,MERGE_TO_MASTER_INDEX,,
50_REFERENCE.zip,REF__REFERENCE_MASTER_SLA-Matrix_V1.md,REF__REFERENCE_MASTER_SLA-Matrix_V1.md,REF__REFERENCE_MASTER_SLA-Matrix_V1,.md,INDEX_ROUTING,OPROPS,REVIEW_CANONICAL,2706,MERGE_TO_MASTER_INDEX,,
50_REFERENCE.zip,REF__REFERENCE_MASTER_Writing-Standards-et-Metriques_V1.md,REF__REFERENCE_MASTER_Writing-Standards-et-Metriques_V1.md,REF__REFERENCE_MASTER_Writing-Standards-et-Metriques_V1,.md,REFERENCE,REFERENCE,REVIEW_LIBRARY,3260,DEDUP_REFERENCE_LIBRARY,,
KNOWLEDGEPACK.zip,KNOWLEDGEPACK/BUNDLE_KP_AssetMaster_V1.md,BUNDLE_KP_AssetMaster_V1.md,BUNDLE_KP_AssetMaster_V1,.md,KNOWLEDGEPACK,UNCLASSIFIED,REVIEW_LIBRARY,1850,MAP_TO_AGENT_KP,,
KNOWLEDGEPACK.zip,KNOWLEDGEPACK/BUNDLE_KP_Assistant-N2_V1.md,BUNDLE_KP_Assistant-N2_V1.md,BUNDLE_KP_Assistant-N2_V1,.md,KNOWLEDGEPACK,UNCLASSIFIED,REVIEW_LIBRARY,12277,MAP_TO_AGENT_KP,,
KNOWLEDGEPACK.zip,KNOWLEDGEPACK/BUNDLE_KP_Assistant-N3_V1.md,BUNDLE_KP_Assistant-N3_V1.md,BUNDLE_KP_Assistant-N3_V1,.md,KNOWLEDGEPACK,UNCLASSIFIED,REVIEW_LIBRARY,8052,MAP_TO_AGENT_KP,,
KNOWLEDGEPACK.zip,KNOWLEDGEPACK/BUNDLE_KP_AssistanTI-FrontLine_V1.md,BUNDLE_KP_AssistanTI-FrontLine_V1.md,BUNDLE_KP_AssistanTI-FrontLine_V1,.md,KNOWLEDGEPACK,UNCLASSIFIED,REVIEW_LIBRARY,12073,MAP_TO_AGENT_KP,,
KNOWLEDGEPACK.zip,KNOWLEDGEPACK/BUNDLE_KP_BackupDRMaster_V1.md,BUNDLE_KP_BackupDRMaster_V1.md,BUNDLE_KP_BackupDRMaster_V1,.md,KNOWLEDGEPACK,BACKUPDROPS,REVIEW_LIBRARY,5700,MAP_TO_AGENT_KP,,
KNOWLEDGEPACK.zip,KNOWLEDGEPACK/BUNDLE_KP_ClientDocMaster_V1.md,BUNDLE_KP_ClientDocMaster_V1.md,BUNDLE_KP_ClientDocMaster_V1,.md,KNOWLEDGEPACK,UNCLASSIFIED,REVIEW_LIBRARY,7691,MAP_TO_AGENT_KP,,
KNOWLEDGEPACK.zip,KNOWLEDGEPACK/BUNDLE_KP_CloudMaster_V1.md,BUNDLE_KP_CloudMaster_V1.md,BUNDLE_KP_CloudMaster_V1,.md,KNOWLEDGEPACK,CLOUD_M365OPS,REVIEW_LIBRARY,2248,MAP_TO_AGENT_KP,,
KNOWLEDGEPACK.zip,KNOWLEDGEPACK/BUNDLE_KP_Commandare-Infra_V1.md,BUNDLE_KP_Commandare-Infra_V1.md,BUNDLE_KP_Commandare-Infra_V1,.md,KNOWLEDGEPACK,UNCLASSIFIED,REVIEW_LIBRARY,6978,MAP_TO_AGENT_KP,,
KNOWLEDGEPACK.zip,KNOWLEDGEPACK/BUNDLE_KP_Commandare-NOC_V1.md,BUNDLE_KP_Commandare-NOC_V1.md,BUNDLE_KP_Commandare-NOC_V1,.md,KNOWLEDGEPACK,NOCOPS,REVIEW_LIBRARY,8490,MAP_TO_AGENT_KP,,
KNOWLEDGEPACK.zip,KNOWLEDGEPACK/BUNDLE_KP_Commandare-OPR_V1.md,BUNDLE_KP_Commandare-OPR_V1.md,BUNDLE_KP_Commandare-OPR_V1,.md,KNOWLEDGEPACK,OPROPS,REVIEW_LIBRARY,7400,MAP_TO_AGENT_KP,,
KNOWLEDGEPACK.zip,KNOWLEDGEPACK/BUNDLE_KP_Commandare-TECH_V1.md,BUNDLE_KP_Commandare-TECH_V1.md,BUNDLE_KP_Commandare-TECH_V1,.md,KNOWLEDGEPACK,UNCLASSIFIED,REVIEW_LIBRARY,6803,MAP_TO_AGENT_KP,,
KNOWLEDGEPACK.zip,KNOWLEDGEPACK/BUNDLE_KP_FrontLine_V1.md,BUNDLE_KP_FrontLine_V1.md,BUNDLE_KP_FrontLine_V1,.md,KNOWLEDGEPACK,UNCLASSIFIED,REVIEW_LIBRARY,12040,MAP_TO_AGENT_KP,,
KNOWLEDGEPACK.zip,KNOWLEDGEPACK/BUNDLE_KP_KnowledgeKeeper_V1.md,BUNDLE_KP_KnowledgeKeeper_V1.md,BUNDLE_KP_KnowledgeKeeper_V1,.md,KNOWLEDGEPACK,UNCLASSIFIED,REVIEW_LIBRARY,1458,MAP_TO_AGENT_KP,,
KNOWLEDGEPACK.zip,KNOWLEDGEPACK/BUNDLE_KP_MaintenanceMaster_V1.md,BUNDLE_KP_MaintenanceMaster_V1.md,BUNDLE_KP_MaintenanceMaster_V1,.md,KNOWLEDGEPACK,MAINT_SERVEROPS,REVIEW_LIBRARY,6481,MAP_TO_AGENT_KP,,
KNOWLEDGEPACK.zip,KNOWLEDGEPACK/BUNDLE_KP_MonitoringMaster_V1.md,BUNDLE_KP_MonitoringMaster_V1.md,BUNDLE_KP_MonitoringMaster_V1,.md,KNOWLEDGEPACK,UNCLASSIFIED,REVIEW_LIBRARY,2135,MAP_TO_AGENT_KP,,
KNOWLEDGEPACK.zip,KNOWLEDGEPACK/BUNDLE_KP_NetworkMaster_V1.md,BUNDLE_KP_NetworkMaster_V1.md,BUNDLE_KP_NetworkMaster_V1,.md,KNOWLEDGEPACK,NETWORKOPS,REVIEW_LIBRARY,6090,MAP_TO_AGENT_KP,,
KNOWLEDGEPACK.zip,KNOWLEDGEPACK/BUNDLE_KP_NOCDispatcher_V1.md,BUNDLE_KP_NOCDispatcher_V1.md,BUNDLE_KP_NOCDispatcher_V1,.md,KNOWLEDGEPACK,MAINT_SERVEROPS,REVIEW_LIBRARY,1772,MAP_TO_AGENT_KP,,
KNOWLEDGEPACK.zip,KNOWLEDGEPACK/BUNDLE_KP_ReportMaster_V1.md,BUNDLE_KP_ReportMaster_V1.md,BUNDLE_KP_ReportMaster_V1,.md,KNOWLEDGEPACK,UNCLASSIFIED,REVIEW_LIBRARY,1364,MAP_TO_AGENT_KP,,
KNOWLEDGEPACK.zip,KNOWLEDGEPACK/BUNDLE_KP_ScriptMaster_V1.md,BUNDLE_KP_ScriptMaster_V1.md,BUNDLE_KP_ScriptMaster_V1,.md,KNOWLEDGEPACK,SCRIPTS,REVIEW_LIBRARY,2047,MAP_TO_AGENT_KP,,
KNOWLEDGEPACK.zip,KNOWLEDGEPACK/BUNDLE_KP_SecurityMaster_V1.md,BUNDLE_KP_SecurityMaster_V1.md,BUNDLE_KP_SecurityMaster_V1,.md,KNOWLEDGEPACK,SECOPS,REVIEW_LIBRARY,6130,MAP_TO_AGENT_KP,,
KNOWLEDGEPACK.zip,KNOWLEDGEPACK/BUNDLE_KP_SysAdmin_V1.md,BUNDLE_KP_SysAdmin_V1.md,BUNDLE_KP_SysAdmin_V1,.md,KNOWLEDGEPACK,UNCLASSIFIED,REVIEW_LIBRARY,6330,MAP_TO_AGENT_KP,,
KNOWLEDGEPACK.zip,KNOWLEDGEPACK/BUNDLE_KP_TicketScribe_V1.md,BUNDLE_KP_TicketScribe_V1.md,BUNDLE_KP_TicketScribe_V1,.md,KNOWLEDGEPACK,SUPPORT_TICKETOPS,REVIEW_LIBRARY,1552,MAP_TO_AGENT_KP,,
KNOWLEDGEPACK.zip,KNOWLEDGEPACK/BUNDLE_KP_UrgenceMaster_V1.md,BUNDLE_KP_UrgenceMaster_V1.md,BUNDLE_KP_UrgenceMaster_V1,.md,KNOWLEDGEPACK,UNCLASSIFIED,REVIEW_LIBRARY,9415,MAP_TO_AGENT_KP,,
KNOWLEDGEPACK.zip,KNOWLEDGEPACK/BUNDLE_KP_VoIPMaster_V1.md,BUNDLE_KP_VoIPMaster_V1.md,BUNDLE_KP_VoIPMaster_V1,.md,KNOWLEDGEPACK,NETWORKOPS,REVIEW_LIBRARY,2057,MAP_TO_AGENT_KP,,
Templates_All.zip,Templates_All/EXEMPLES_CLOSE_CW_REELS.md,EXEMPLES_CLOSE_CW_REELS.md,EXEMPLES_CLOSE_CW_REELS,.md,EXAMPLE,SUPPORT_TICKETOPS,REVIEW_LIBRARY,8076,MAP_AS_TEST_OR_KB,,Duplicate group size 2
Templates_All.zip,Templates_All/INTERVENTION_TEMPLATE_INFRA_AZUREVM.md,INTERVENTION_TEMPLATE_INFRA_AZUREVM.md,INTERVENTION_TEMPLATE_INFRA_AZUREVM,.md,TEMPLATE,CLOUD_M365OPS,REVIEW_LIBRARY,11443,MAP_TO_OUTPUT_TYPE,,
Templates_All.zip,Templates_All/INTERVENTION_TEMPLATE_IT.md,INTERVENTION_TEMPLATE_IT.md,INTERVENTION_TEMPLATE_IT,.md,TEMPLATE,UNCLASSIFIED,REVIEW_LIBRARY,11443,MAP_TO_OUTPUT_TYPE,,
Templates_All.zip,Templates_All/NAMING_STANDARDS_v1.md,NAMING_STANDARDS_v1.md,NAMING_STANDARDS_v1,.md,OTHER,REFERENCE,REVIEW_LIBRARY,5136,REVIEW,,Duplicate group size 2
Templates_All.zip,Templates_All/TEMPLATE __TEAMS_NOTICE.md,TEMPLATE __TEAMS_NOTICE.md,TEMPLATE __TEAMS_NOTICE,.md,TEMPLATE,CLOUD_M365OPS,REVIEW_LIBRARY,764,MAP_TO_OUTPUT_TYPE,,
Templates_All.zip,Templates_All/TEMPLATE_BACKUP_DR-Test-et-Restore_V1.md,TEMPLATE_BACKUP_DR-Test-et-Restore_V1.md,TEMPLATE_BACKUP_DR-Test-et-Restore_V1,.md,TEMPLATE,BACKUPDROPS,REVIEW_LIBRARY,3458,MAP_TO_OUTPUT_TYPE,,
Templates_All.zip,Templates_All/TEMPLATE_BACKUP_REPORT.md,TEMPLATE_BACKUP_REPORT.md,TEMPLATE_BACKUP_REPORT,.md,TEMPLATE,BACKUPDROPS,REVIEW_LIBRARY,1080,MAP_TO_OUTPUT_TYPE,,
Templates_All.zip,Templates_All/TEMPLATE_BUNDLE_CW_CLOSE.md,TEMPLATE_BUNDLE_CW_CLOSE.md,TEMPLATE_BUNDLE_CW_CLOSE,.md,TEMPLATE,SUPPORT_TICKETOPS,REVIEW_LIBRARY,29765,MAP_TO_OUTPUT_TYPE,,
Templates_All.zip,Templates_All/TEMPLATE_COM_Email-Interruption-Planifiee_V1.md,TEMPLATE_COM_Email-Interruption-Planifiee_V1.md,TEMPLATE_COM_Email-Interruption-Planifiee_V1,.md,TEMPLATE,UNCLASSIFIED,REVIEW_LIBRARY,1343,MAP_TO_OUTPUT_TYPE,,
Templates_All.zip,Templates_All/TEMPLATE_COM_Teams-Incident-Actif_V1.md,TEMPLATE_COM_Teams-Incident-Actif_V1.md,TEMPLATE_COM_Teams-Incident-Actif_V1,.md,TEMPLATE,CLOUD_M365OPS,REVIEW_LIBRARY,1379,MAP_TO_OUTPUT_TYPE,,
Templates_All.zip,Templates_All/TEMPLATE_COM_Teams-Maintenance_V1.md,TEMPLATE_COM_Teams-Maintenance_V1.md,TEMPLATE_COM_Teams-Maintenance_V1,.md,TEMPLATE,MAINT_SERVEROPS,REVIEW_LIBRARY,1665,MAP_TO_OUTPUT_TYPE,,
Templates_All.zip,Templates_All/TEMPLATE_CW_Discussion-STAR_V1.md,TEMPLATE_CW_Discussion-STAR_V1.md,TEMPLATE_CW_Discussion-STAR_V1,.md,TEMPLATE,SUPPORT_TICKETOPS,REVIEW_LIBRARY,5458,MAP_TO_OUTPUT_TYPE,,
Templates_All.zip,Templates_All/TEMPLATE_CW_Email-Client_V1.md,TEMPLATE_CW_Email-Client_V1.md,TEMPLATE_CW_Email-Client_V1,.md,TEMPLATE,SUPPORT_TICKETOPS,REVIEW_LIBRARY,10182,MAP_TO_OUTPUT_TYPE,,
Templates_All.zip,Templates_All/TEMPLATE_CW_Intervention-Library_V1.md,TEMPLATE_CW_Intervention-Library_V1.md,TEMPLATE_CW_Intervention-Library_V1,.md,TEMPLATE,SUPPORT_TICKETOPS,REVIEW_LIBRARY,5682,MAP_TO_OUTPUT_TYPE,,
Templates_All.zip,Templates_All/TEMPLATE_CW_LIBRARY__INTERVENTION_COPILOT.md,TEMPLATE_CW_LIBRARY__INTERVENTION_COPILOT.md,TEMPLATE_CW_LIBRARY__INTERVENTION_COPILOT,.md,TEMPLATE,SUPPORT_TICKETOPS,REVIEW_LIBRARY,5658,MAP_TO_OUTPUT_TYPE,,
Templates_All.zip,Templates_All/TEMPLATE_CW_Note-Interne_V1.md,TEMPLATE_CW_Note-Interne_V1.md,TEMPLATE_CW_Note-Interne_V1,.md,TEMPLATE,SUPPORT_TICKETOPS,REVIEW_LIBRARY,16891,MAP_TO_OUTPUT_TYPE,,
Templates_All.zip,Templates_All/TEMPLATE_DIAG_DFRS.md,TEMPLATE_DIAG_DFRS.md,TEMPLATE_DIAG_DFRS,.md,TEMPLATE,UNCLASSIFIED,REVIEW_LIBRARY,0,MAP_TO_OUTPUT_TYPE,,
Templates_All.zip,Templates_All/TEMPLATE_DIAG_PostPanneHQ.md,TEMPLATE_DIAG_PostPanneHQ.md,TEMPLATE_DIAG_PostPanneHQ,.md,TEMPLATE,UNCLASSIFIED,REVIEW_LIBRARY,11467,MAP_TO_OUTPUT_TYPE,,
Templates_All.zip,Templates_All/TEMPLATE_DR_TEST.md,TEMPLATE_DR_TEST.md,TEMPLATE_DR_TEST,.md,TEMPLATE,BACKUPDROPS,REVIEW_LIBRARY,1065,MAP_TO_OUTPUT_TYPE,,
Templates_All.zip,Templates_All/TEMPLATE_HUDU_Fiche-Objet-IT_V1.md,TEMPLATE_HUDU_Fiche-Objet-IT_V1.md,TEMPLATE_HUDU_Fiche-Objet-IT_V1,.md,TEMPLATE,UNCLASSIFIED,REVIEW_LIBRARY,7756,MAP_TO_OUTPUT_TYPE,,
Templates_All.zip,Templates_All/TEMPLATE_INCIDENT_Log-et-Critique_V1.md,TEMPLATE_INCIDENT_Log-et-Critique_V1.md,TEMPLATE_INCIDENT_Log-et-Critique_V1,.md,TEMPLATE,SECOPS,REVIEW_LIBRARY,3287,MAP_TO_OUTPUT_TYPE,,
Templates_All.zip,Templates_All/TEMPLATE_KNOWLEDGE_KB-Article-et-Procedure_V1.md,TEMPLATE_KNOWLEDGE_KB-Article-et-Procedure_V1.md,TEMPLATE_KNOWLEDGE_KB-Article-et-Procedure_V1,.md,TEMPLATE,UNCLASSIFIED,REVIEW_LIBRARY,3455,MAP_TO_OUTPUT_TYPE,,
Templates_All.zip,Templates_All/TEMPLATE_MAINTENANCE_MAJ-CVE-et-Planifiee_V1.md,TEMPLATE_MAINTENANCE_MAJ-CVE-et-Planifiee_V1.md,TEMPLATE_MAINTENANCE_MAJ-CVE-et-Planifiee_V1,.md,TEMPLATE,MAINT_SERVEROPS,REVIEW_LIBRARY,3210,MAP_TO_OUTPUT_TYPE,,
Templates_All.zip,Templates_All/TEMPLATE_MASTER_Library-IT_V1.md,TEMPLATE_MASTER_Library-IT_V1.md,TEMPLATE_MASTER_Library-IT_V1,.md,TEMPLATE,UNCLASSIFIED,REVIEW_LIBRARY,65457,MAP_TO_OUTPUT_TYPE,,
Templates_All.zip,Templates_All/TEMPLATE_REPORT_Azure-Health_V1.md,TEMPLATE_REPORT_Azure-Health_V1.md,TEMPLATE_REPORT_Azure-Health_V1,.md,TEMPLATE,CLOUD_M365OPS,REVIEW_LIBRARY,8058,MAP_TO_OUTPUT_TYPE,,
Templates_All.zip,Templates_All/TEMPLATE_REPORT_Cloud-Health_V1.md,TEMPLATE_REPORT_Cloud-Health_V1.md,TEMPLATE_REPORT_Cloud-Health_V1,.md,TEMPLATE,CLOUD_M365OPS,REVIEW_LIBRARY,11066,MAP_TO_OUTPUT_TYPE,,
Templates_All.zip,Templates_All/TEMPLATE_REPORT_Mensuel_V1.md,TEMPLATE_REPORT_Mensuel_V1.md,TEMPLATE_REPORT_Mensuel_V1,.md,TEMPLATE,UNCLASSIFIED,REVIEW_LIBRARY,2059,MAP_TO_OUTPUT_TYPE,,
Templates_All.zip,Templates_All/TEMPLATE_REPORT_Postmortem_V2.md,TEMPLATE_REPORT_Postmortem_V2.md,TEMPLATE_REPORT_Postmortem_V2,.md,TEMPLATE,UNCLASSIFIED,REVIEW_LIBRARY,3459,MAP_TO_OUTPUT_TYPE,,
Templates_All.zip,Templates_All/TEMPLATE_REPORT_QBR_V1.md,TEMPLATE_REPORT_QBR_V1.md,TEMPLATE_REPORT_QBR_V1,.md,TEMPLATE,UNCLASSIFIED,REVIEW_LIBRARY,3938,MAP_TO_OUTPUT_TYPE,,
Templates_All.zip,Templates_All/TEMPLATE_REPORT_Status-et-Technique_V1.md,TEMPLATE_REPORT_Status-et-Technique_V1.md,TEMPLATE_REPORT_Status-et-Technique_V1,.md,TEMPLATE,UNCLASSIFIED,REVIEW_LIBRARY,2753,MAP_TO_OUTPUT_TYPE,,
Templates_All.zip,Templates_All/TEMPLATE_SCRIPT_Header-PS-Standard_V1.md,TEMPLATE_SCRIPT_Header-PS-Standard_V1.md,TEMPLATE_SCRIPT_Header-PS-Standard_V1,.md,TEMPLATE,SCRIPTS,REVIEW_LIBRARY,4251,MAP_TO_OUTPUT_TYPE,,
Templates_All.zip,Templates_All/TEMPLATE_SECURITY_Incident-et-Postmortem-SOC_V1.md,TEMPLATE_SECURITY_Incident-et-Postmortem-SOC_V1.md,TEMPLATE_SECURITY_Incident-et-Postmortem-SOC_V1,.md,TEMPLATE,SECOPS,REVIEW_LIBRARY,3895,MAP_TO_OUTPUT_TYPE,,
Templates_All.zip,Templates_All/TEMPLATE_SUPPORT_Escalade-et-Service-Restaure_V1.md,TEMPLATE_SUPPORT_Escalade-et-Service-Restaure_V1.md,TEMPLATE_SUPPORT_Escalade-et-Service-Restaure_V1,.md,TEMPLATE,SUPPORT_TICKETOPS,REVIEW_LIBRARY,4136,MAP_TO_OUTPUT_TYPE,,
Templates_All.zip,Templates_All/TEMPLATE__Azure_Health_Report.md,TEMPLATE__Azure_Health_Report.md,TEMPLATE__Azure_Health_Report,.md,TEMPLATE,CLOUD_M365OPS,REVIEW_LIBRARY,8058,MAP_TO_OUTPUT_TYPE,,
Templates_All.zip,Templates_All/TEMPLATE__Cloud_Health_Report.md,TEMPLATE__Cloud_Health_Report.md,TEMPLATE__Cloud_Health_Report,.md,TEMPLATE,CLOUD_M365OPS,REVIEW_LIBRARY,11066,MAP_TO_OUTPUT_TYPE,,
Templates_All.zip,Templates_All/TEMPLATE__CW_DISCUSSION.md,TEMPLATE__CW_DISCUSSION.md,TEMPLATE__CW_DISCUSSION,.md,TEMPLATE,SUPPORT_TICKETOPS,REVIEW_LIBRARY,5295,MAP_TO_OUTPUT_TYPE,,
Templates_All.zip,Templates_All/TEMPLATE__CW_DISCUSSION_STAR.md,TEMPLATE__CW_DISCUSSION_STAR.md,TEMPLATE__CW_DISCUSSION_STAR,.md,TEMPLATE,SUPPORT_TICKETOPS,REVIEW_LIBRARY,1146,MAP_TO_OUTPUT_TYPE,,
Templates_All.zip,Templates_All/TEMPLATE__CW_NOTE_INTERNE.md,TEMPLATE__CW_NOTE_INTERNE.md,TEMPLATE__CW_NOTE_INTERNE,.md,TEMPLATE,SUPPORT_TICKETOPS,REVIEW_LIBRARY,16891,MAP_TO_OUTPUT_TYPE,,
Templates_All.zip,Templates_All/TEMPLATE__CW_NOTE_INTERNE__PER_ASSET.md,TEMPLATE__CW_NOTE_INTERNE__PER_ASSET.md,TEMPLATE__CW_NOTE_INTERNE__PER_ASSET,.md,TEMPLATE,SUPPORT_TICKETOPS,REVIEW_LIBRARY,1310,MAP_TO_OUTPUT_TYPE,,
Templates_All.zip,Templates_All/TEMPLATE__CW_TEMPLATE_LIBRARY__INTERVENTION_COPILOT.md,TEMPLATE__CW_TEMPLATE_LIBRARY__INTERVENTION_COPILOT.md,TEMPLATE__CW_TEMPLATE_LIBRARY__INTERVENTION_COPILOT,.md,TEMPLATE,SUPPORT_TICKETOPS,REVIEW_LIBRARY,5684,MAP_TO_OUTPUT_TYPE,,
Templates_All.zip,Templates_All/TEMPLATE__EDOCS_FICHE_OBJET_IT.md,TEMPLATE__EDOCS_FICHE_OBJET_IT.md,TEMPLATE__EDOCS_FICHE_OBJET_IT,.md,TEMPLATE,UNCLASSIFIED,REVIEW_LIBRARY,7756,MAP_TO_OUTPUT_TYPE,,
Templates_All.zip,Templates_All/TEMPLATE__EMAIL_CLIENT.md,TEMPLATE__EMAIL_CLIENT.md,TEMPLATE__EMAIL_CLIENT,.md,TEMPLATE,UNCLASSIFIED,REVIEW_LIBRARY,10182,MAP_TO_OUTPUT_TYPE,,
Templates_All.zip,Templates_All/TEMPLATE__FLAG_UP_AVERTISSEMENT.md,TEMPLATE__FLAG_UP_AVERTISSEMENT.md,TEMPLATE__FLAG_UP_AVERTISSEMENT,.md,TEMPLATE,UNCLASSIFIED,REVIEW_LIBRARY,10291,MAP_TO_OUTPUT_TYPE,,
Templates_All.zip,Templates_All/TEMPLATE__GPT_SETUP_CARD.md,TEMPLATE__GPT_SETUP_CARD.md,TEMPLATE__GPT_SETUP_CARD,.md,TEMPLATE,UNCLASSIFIED,REVIEW_LIBRARY,2992,MAP_TO_OUTPUT_TYPE,,
Templates_All.zip,Templates_All/TEMPLATE__Health_Check.md,TEMPLATE__Health_Check.md,TEMPLATE__Health_Check,.md,TEMPLATE,UNCLASSIFIED,REVIEW_LIBRARY,1720,MAP_TO_OUTPUT_TYPE,,
Templates_All.zip,Templates_All/TEMPLATE__INCIDENT_CRITIQUE.md,TEMPLATE__INCIDENT_CRITIQUE.md,TEMPLATE__INCIDENT_CRITIQUE,.md,TEMPLATE,SECOPS,REVIEW_LIBRARY,6346,MAP_TO_OUTPUT_TYPE,,
Templates_All.zip,Templates_All/TEMPLATE__INCIDENT_LOG.md,TEMPLATE__INCIDENT_LOG.md,TEMPLATE__INCIDENT_LOG,.md,TEMPLATE,SECOPS,REVIEW_LIBRARY,1727,MAP_TO_OUTPUT_TYPE,,
Templates_All.zip,Templates_All/TEMPLATE__INCIDENT_REPORT.md,TEMPLATE__INCIDENT_REPORT.md,TEMPLATE__INCIDENT_REPORT,.md,TEMPLATE,SECOPS,REVIEW_LIBRARY,1691,MAP_TO_OUTPUT_TYPE,,
Templates_All.zip,Templates_All/TEMPLATE__INTERVENTION_EN_COURS.md,TEMPLATE__INTERVENTION_EN_COURS.md,TEMPLATE__INTERVENTION_EN_COURS,.md,TEMPLATE,UNCLASSIFIED,REVIEW_LIBRARY,1687,MAP_TO_OUTPUT_TYPE,,
Templates_All.zip,Templates_All/TEMPLATE__KB_Article.md,TEMPLATE__KB_Article.md,TEMPLATE__KB_Article,.md,TEMPLATE,UNCLASSIFIED,REVIEW_LIBRARY,3492,MAP_TO_OUTPUT_TYPE,,
Templates_All.zip,Templates_All/TEMPLATE__POSTMORTEM_V2.md,TEMPLATE__POSTMORTEM_V2.md,TEMPLATE__POSTMORTEM_V2,.md,TEMPLATE,UNCLASSIFIED,REVIEW_LIBRARY,3459,MAP_TO_OUTPUT_TYPE,,
Templates_All.zip,Templates_All/TEMPLATE__QBR_REPORT_V1.md,TEMPLATE__QBR_REPORT_V1.md,TEMPLATE__QBR_REPORT_V1,.md,TEMPLATE,UNCLASSIFIED,REVIEW_LIBRARY,3938,MAP_TO_OUTPUT_TYPE,,
Templates_All.zip,Templates_All/TEMPLATE__RAPPORT_MENSUEL_V1.md,TEMPLATE__RAPPORT_MENSUEL_V1.md,TEMPLATE__RAPPORT_MENSUEL_V1,.md,TEMPLATE,UNCLASSIFIED,REVIEW_LIBRARY,2059,MAP_TO_OUTPUT_TYPE,,
Templates_All.zip,Templates_All/TEMPLATE__RESTORE_REQUEST.md,TEMPLATE__RESTORE_REQUEST.md,TEMPLATE__RESTORE_REQUEST,.md,TEMPLATE,UNCLASSIFIED,REVIEW_LIBRARY,1722,MAP_TO_OUTPUT_TYPE,,
Templates_All.zip,Templates_All/TEMPLATE__Server_Health_Check.md,TEMPLATE__Server_Health_Check.md,TEMPLATE__Server_Health_Check,.md,TEMPLATE,UNCLASSIFIED,REVIEW_LIBRARY,7952,MAP_TO_OUTPUT_TYPE,,
Templates_All.zip,Templates_All/TEMPLATE__SERVICE_RESTAURE_OK.md,TEMPLATE__SERVICE_RESTAURE_OK.md,TEMPLATE__SERVICE_RESTAURE_OK,.md,TEMPLATE,UNCLASSIFIED,REVIEW_LIBRARY,1687,MAP_TO_OUTPUT_TYPE,,
Templates_All.zip,Templates_All/TEMPLATE__STATUS_REPORT.md,TEMPLATE__STATUS_REPORT.md,TEMPLATE__STATUS_REPORT,.md,TEMPLATE,UNCLASSIFIED,REVIEW_LIBRARY,1680,MAP_TO_OUTPUT_TYPE,,
Templates_All.zip,Templates_All/TEMPLATE__Technical_Report.md,TEMPLATE__Technical_Report.md,TEMPLATE__Technical_Report,.md,TEMPLATE,UNCLASSIFIED,REVIEW_LIBRARY,1693,MAP_TO_OUTPUT_TYPE,,
Templates_All.zip,Templates_All/TEMPLATE__TEST_RESTORE.md,TEMPLATE__TEST_RESTORE.md,TEMPLATE__TEST_RESTORE,.md,TEMPLATE,UNCLASSIFIED,REVIEW_LIBRARY,6346,MAP_TO_OUTPUT_TYPE,,
00_INDEX.zip,INDEX_MASTER_IT-SHARED_V1.md,INDEX_MASTER_IT-SHARED_V1.md,INDEX_MASTER_IT-SHARED_V1,.md,INDEX_ROUTING,UNCLASSIFIED,REVIEW_CANONICAL,497,MERGE_TO_MASTER_INDEX,,
00_INDEX.zip,INTENT_RUNBOOK_MATRIX_V1.md,INTENT_RUNBOOK_MATRIX_V1.md,INTENT_RUNBOOK_MATRIX_V1,.md,INDEX_ROUTING,UNCLASSIFIED,REVIEW_CANONICAL,2859,MERGE_TO_MASTER_INDEX,,
00_INDEX.zip,INTENT_RUNBOOK_ROUTING_MATRIX_V1.md,INTENT_RUNBOOK_ROUTING_MATRIX_V1.md,INTENT_RUNBOOK_ROUTING_MATRIX_V1,.md,INDEX_ROUTING,UNCLASSIFIED,REVIEW_CANONICAL,617,MERGE_TO_MASTER_INDEX,,
00_INDEX.zip,IT_SHARED__ASSET_INDEX.yaml,IT_SHARED__ASSET_INDEX.yaml,IT_SHARED__ASSET_INDEX,.yaml,INDEX_ROUTING,UNCLASSIFIED,REVIEW_CANONICAL,2394,MERGE_TO_MASTER_INDEX,,
00_INDEX.zip,README__IT_SHARED_INDEX.md,README__IT_SHARED_INDEX.md,README__IT_SHARED_INDEX,.md,INDEX_ROUTING,UNCLASSIFIED,REVIEW_CANONICAL,1379,MERGE_TO_MASTER_INDEX,,
00_INDEX.zip,RUNBOOK_MENU_CONTEXTUEL_V4.md,RUNBOOK_MENU_CONTEXTUEL_V4.md,RUNBOOK_MENU_CONTEXTUEL_V4,.md,INDEX_ROUTING,UNCLASSIFIED,REVIEW_CANONICAL,22722,MERGE_TO_MASTER_INDEX,,
00_INDEX.zip,BUNDLE_vs_AGENT_V2.md,BUNDLE_vs_AGENT_V2.md,BUNDLE_vs_AGENT_V2,.md,INDEX_ROUTING,UNCLASSIFIED,REVIEW_CANONICAL,5777,MERGE_TO_MASTER_INDEX,,
00_INDEX.zip,TABLEAU__Runbooks_par_Agent.md,TABLEAU__Runbooks_par_Agent.md,TABLEAU__Runbooks_par_Agent,.md,INDEX_ROUTING,UNCLASSIFIED,REVIEW_CANONICAL,5407,MERGE_TO_MASTER_INDEX,,
70_KNOWLEDGE.zip,04_POWERSHELL_LIBRARY/POWERSHELL__Event_Log_Analysis.md,POWERSHELL__Event_Log_Analysis.md,POWERSHELL__Event_Log_Analysis,.md,SCRIPT_LIBRARY,SCRIPTS,REVIEW_LIBRARY,8503,CLASSIFY_SCRIPT_RISK,,
70_KNOWLEDGE.zip,04_POWERSHELL_LIBRARY/POWERSHELL__Server_Management.md,POWERSHELL__Server_Management.md,POWERSHELL__Server_Management,.md,SCRIPT_LIBRARY,SCRIPTS,REVIEW_LIBRARY,2188,CLASSIFY_SCRIPT_RISK,,
70_KNOWLEDGE.zip,04_POWERSHELL_LIBRARY/POWERSHELL__Template_Standard_v1.ps1,POWERSHELL__Template_Standard_v1.ps1,POWERSHELL__Template_Standard_v1,.ps1,SCRIPT_LIBRARY,SCRIPTS,REVIEW_LIBRARY,5894,CLASSIFY_SCRIPT_RISK,,Duplicate group size 2
70_KNOWLEDGE.zip,06_NAMING_STANDARDS/NAMING_STANDARDS_v1.md,NAMING_STANDARDS_v1.md,NAMING_STANDARDS_v1,.md,OTHER,REFERENCE,REVIEW_LIBRARY,5088,REVIEW,,Duplicate group size 2
80_EXEMPLES.zip,EXEMPLES_CLOSE_CW_REELS.md,EXEMPLES_CLOSE_CW_REELS.md,EXEMPLES_CLOSE_CW_REELS,.md,EXAMPLE,SUPPORT_TICKETOPS,REVIEW_LIBRARY,6788,MAP_AS_TEST_OR_KB,,Duplicate group size 2
80_EXEMPLES.zip,KB-DATTO-001_Probe-RMM-VMware.md,KB-DATTO-001_Probe-RMM-VMware.md,KB-DATTO-001_Probe-RMM-VMware,.md,KB_EXAMPLE,VIRTUALIZATIONOPS,REVIEW_LIBRARY,8031,MAP_AS_TEST_OR_KB,,
80_EXEMPLES.zip,KB-VEEAM-001_Probe-RMM-VMware.md,KB-VEEAM-001_Probe-RMM-VMware.md,KB-VEEAM-001_Probe-RMM-VMware,.md,KB_EXAMPLE,VIRTUALIZATIONOPS,REVIEW_LIBRARY,3586,MAP_AS_TEST_OR_KB,,Duplicate group size 2
80_EXEMPLES.zip,KB-WU-001_Windows-Update-Missing-DC.md,KB-WU-001_Windows-Update-Missing-DC.md,KB-WU-001_Windows-Update-Missing-DC,.md,KB_EXAMPLE,UNCLASSIFIED,REVIEW_LIBRARY,4811,MAP_AS_TEST_OR_KB,,Duplicate group size 2
80_EXEMPLES.zip,Pending_REBOT_GALIENOVA_002.agent.md,Pending_REBOT_GALIENOVA_002.agent.md,Pending_REBOT_GALIENOVA_002.agent,.md,OTHER,MAINT_SERVEROPS,REVIEW_LIBRARY,15683,REVIEW,,
80_EXEMPLES.zip,TEMPLATE_PENDINGREBOOT.md,TEMPLATE_PENDINGREBOOT.md,TEMPLATE_PENDINGREBOOT,.md,TEMPLATE,MAINT_SERVEROPS,REVIEW_LIBRARY,26350,MAP_TO_OUTPUT_TYPE,,
80_EXEMPLES.zip,TEMPLATE_Perfrormance-PREMIUM.md,TEMPLATE_Perfrormance-PREMIUM.md,TEMPLATE_Perfrormance-PREMIUM,.md,TEMPLATE,UNCLASSIFIED,REVIEW_LIBRARY,14429,MAP_TO_OUTPUT_TYPE,,
80_EXEMPLES.zip,TEMPLATE_Perfrormance-STD.md,TEMPLATE_Perfrormance-STD.md,TEMPLATE_Perfrormance-STD,.md,TEMPLATE,UNCLASSIFIED,REVIEW_LIBRARY,13328,MAP_TO_OUTPUT_TYPE,,
30_SCRIPTS.zip,LIBRARY_BASH_Bash-Snippets_V1.md,LIBRARY_BASH_Bash-Snippets_V1.md,LIBRARY_BASH_Bash-Snippets_V1,.md,SCRIPT_LIBRARY,SCRIPTS,REVIEW_LIBRARY,3571,CLASSIFY_SCRIPT_RISK,,
30_SCRIPTS.zip,LIBRARY_DIAG_EventLog-Analysis_V1.md,LIBRARY_DIAG_EventLog-Analysis_V1.md,LIBRARY_DIAG_EventLog-Analysis_V1,.md,SCRIPT_LIBRARY,UNCLASSIFIED,REVIEW_LIBRARY,8551,CLASSIFY_SCRIPT_RISK,,
30_SCRIPTS.zip,LIBRARY_MAINT_Server-Management_V1.md,LIBRARY_MAINT_Server-Management_V1.md,LIBRARY_MAINT_Server-Management_V1,.md,SCRIPT_LIBRARY,MAINT_SERVEROPS,REVIEW_LIBRARY,2236,CLASSIFY_SCRIPT_RISK,,
30_SCRIPTS.zip,LIBRARY_PS_PowerShell-Snippets_V1.md,LIBRARY_PS_PowerShell-Snippets_V1.md,LIBRARY_PS_PowerShell-Snippets_V1,.md,SCRIPT_LIBRARY,SCRIPTS,REVIEW_LIBRARY,6742,CLASSIFY_SCRIPT_RISK,,
30_SCRIPTS.zip,LIBRARY__Bash_Snippets.md,LIBRARY__Bash_Snippets.md,LIBRARY__Bash_Snippets,.md,SCRIPT_LIBRARY,SCRIPTS,REVIEW_LIBRARY,3571,CLASSIFY_SCRIPT_RISK,,
30_SCRIPTS.zip,LIBRARY__PowerShell_Snippets.md,LIBRARY__PowerShell_Snippets.md,LIBRARY__PowerShell_Snippets,.md,SCRIPT_LIBRARY,SCRIPTS,REVIEW_LIBRARY,6742,CLASSIFY_SCRIPT_RISK,,
30_SCRIPTS.zip,POWERSHELL__Template_Standard_v1.ps1,POWERSHELL__Template_Standard_v1.ps1,POWERSHELL__Template_Standard_v1,.ps1,SCRIPT_LIBRARY,SCRIPTS,REVIEW_LIBRARY,5894,CLASSIFY_SCRIPT_RISK,,Duplicate group size 2
30_SCRIPTS.zip,SCRIPT_AUDIT_AD-Health_V1.ps1,SCRIPT_AUDIT_AD-Health_V1.ps1,SCRIPT_AUDIT_AD-Health_V1,.ps1,SCRIPT_LIBRARY,DIRECTORYOPS,REVIEW_LIBRARY,3313,CLASSIFY_SCRIPT_RISK,,
30_SCRIPTS.zip,SCRIPT_AUDIT_HealthCheck-Server_V1.ps1,SCRIPT_AUDIT_HealthCheck-Server_V1.ps1,SCRIPT_AUDIT_HealthCheck-Server_V1,.ps1,SCRIPT_LIBRARY,SCRIPTS,REVIEW_LIBRARY,6150,CLASSIFY_SCRIPT_RISK,,
30_SCRIPTS.zip,SCRIPT_BACKUP_Veeam-JobStatus_V1.ps1,SCRIPT_BACKUP_Veeam-JobStatus_V1.ps1,SCRIPT_BACKUP_Veeam-JobStatus_V1,.ps1,SCRIPT_LIBRARY,BACKUPDROPS,REVIEW_LIBRARY,4663,CLASSIFY_SCRIPT_RISK,,
30_SCRIPTS.zip,SCRIPT_DIAG_Collect-Server-Check_V1.ps1,SCRIPT_DIAG_Collect-Server-Check_V1.ps1,SCRIPT_DIAG_Collect-Server-Check_V1,.ps1,SCRIPT_LIBRARY,SCRIPTS,REVIEW_LIBRARY,3197,CLASSIFY_SCRIPT_RISK,,
30_SCRIPTS.zip,SCRIPT_DIAG_DCDIAG-Quick_V1.ps1,SCRIPT_DIAG_DCDIAG-Quick_V1.ps1,SCRIPT_DIAG_DCDIAG-Quick_V1,.ps1,SCRIPT_LIBRARY,DIRECTORYOPS,REVIEW_LIBRARY,624,CLASSIFY_SCRIPT_RISK,,
30_SCRIPTS.zip,SCRIPT_DIAG_Health-and-Updates_V1.ps1,SCRIPT_DIAG_Health-and-Updates_V1.ps1,SCRIPT_DIAG_Health-and-Updates_V1,.ps1,SCRIPT_LIBRARY,SCRIPTS,REVIEW_LIBRARY,7317,CLASSIFY_SCRIPT_RISK,,
30_SCRIPTS.zip,SCRIPT_DIAG_Pending-Reboot_V1.ps1,SCRIPT_DIAG_Pending-Reboot_V1.ps1,SCRIPT_DIAG_Pending-Reboot_V1,.ps1,SCRIPT_LIBRARY,MAINT_SERVEROPS,REVIEW_LIBRARY,3904,CLASSIFY_SCRIPT_RISK,,
30_SCRIPTS.zip,SCRIPT_DIAG_Precheck-DC-DNS_V1.ps1,SCRIPT_DIAG_Precheck-DC-DNS_V1.ps1,SCRIPT_DIAG_Precheck-DC-DNS_V1,.ps1,SCRIPT_LIBRARY,NETWORKOPS,REVIEW_LIBRARY,7088,CLASSIFY_SCRIPT_RISK,,
30_SCRIPTS.zip,SCRIPT_DIAG_Precheck-HyperV_V1.ps1,SCRIPT_DIAG_Precheck-HyperV_V1.ps1,SCRIPT_DIAG_Precheck-HyperV_V1,.ps1,SCRIPT_LIBRARY,VIRTUALIZATIONOPS,REVIEW_LIBRARY,11109,CLASSIFY_SCRIPT_RISK,,
30_SCRIPTS.zip,SCRIPT_DIAG_Precheck-Server-Generic_V1.ps1,SCRIPT_DIAG_Precheck-Server-Generic_V1.ps1,SCRIPT_DIAG_Precheck-Server-Generic_V1,.ps1,SCRIPT_LIBRARY,SCRIPTS,REVIEW_LIBRARY,11676,CLASSIFY_SCRIPT_RISK,,
30_SCRIPTS.zip,SCRIPT_DIAG_RAM-TopProcess_V1.ps1,SCRIPT_DIAG_RAM-TopProcess_V1.ps1,SCRIPT_DIAG_RAM-TopProcess_V1,.ps1,SCRIPT_LIBRARY,SCRIPTS,REVIEW_LIBRARY,543,CLASSIFY_SCRIPT_RISK,,
30_SCRIPTS.zip,SCRIPT_DIAG_SLOW_SRV_V1.ps1,SCRIPT_DIAG_SLOW_SRV_V1.ps1,SCRIPT_DIAG_SLOW_SRV_V1,.ps1,SCRIPT_LIBRARY,SCRIPTS,REVIEW_LIBRARY,15121,CLASSIFY_SCRIPT_RISK,,
30_SCRIPTS.zip,SCRIPT_MAINTENANCE_CW-MaintenanceConsole-Launcher_V1.ps1,SCRIPT_MAINTENANCE_CW-MaintenanceConsole-Launcher_V1.ps1,SCRIPT_MAINTENANCE_CW-MaintenanceConsole-Launcher_V1,.ps1,SCRIPT_LIBRARY,MAINT_SERVEROPS,REVIEW_LIBRARY,79,CLASSIFY_SCRIPT_RISK,,
30_SCRIPTS.zip,SCRIPT_MAINTENANCE_CW-MaintenanceConsole_V1.ps1,SCRIPT_MAINTENANCE_CW-MaintenanceConsole_V1.ps1,SCRIPT_MAINTENANCE_CW-MaintenanceConsole_V1,.ps1,SCRIPT_LIBRARY,MAINT_SERVEROPS,REVIEW_LIBRARY,36249,CLASSIFY_SCRIPT_RISK,,
30_SCRIPTS.zip,SCRIPT_MAINT_DISM-SFC-Restore_V1.ps1,SCRIPT_MAINT_DISM-SFC-Restore_V1.ps1,SCRIPT_MAINT_DISM-SFC-Restore_V1,.ps1,SCRIPT_LIBRARY,MAINT_SERVEROPS,REVIEW_LIBRARY,291,CLASSIFY_SCRIPT_RISK,,
30_SCRIPTS.zip,SCRIPT_PostCheck_PanneHQ.ps1,SCRIPT_PostCheck_PanneHQ.ps1,SCRIPT_PostCheck_PanneHQ,.ps1,SCRIPT_LIBRARY,SCRIPTS,REVIEW_LIBRARY,10833,CLASSIFY_SCRIPT_RISK,,
30_SCRIPTS.zip,SCRIPT_PRECHECK_DC_V3.ps1,SCRIPT_PRECHECK_DC_V3.ps1,SCRIPT_PRECHECK_DC_V3,.ps1,SCRIPT_LIBRARY,DIRECTORYOPS,REVIEW_LIBRARY,5412,CLASSIFY_SCRIPT_RISK,,
30_SCRIPTS.zip,SCRIPT_PRECHECK_POSTCHECK_V3.ps1,SCRIPT_PRECHECK_POSTCHECK_V3.ps1,SCRIPT_PRECHECK_POSTCHECK_V3,.ps1,SCRIPT_LIBRARY,SCRIPTS,REVIEW_LIBRARY,20695,CLASSIFY_SCRIPT_RISK,,
30_SCRIPTS.zip,Script_RebootInfoShort_SRV.ps1,Script_RebootInfoShort_SRV.ps1,Script_RebootInfoShort_SRV,.ps1,SCRIPT_LIBRARY,SCRIPTS,REVIEW_LIBRARY,917,CLASSIFY_SCRIPT_RISK,,
30_SCRIPTS.zip,SCRIPT_SECU_M365-CompteCompromis_V1.ps1,SCRIPT_SECU_M365-CompteCompromis_V1.ps1,SCRIPT_SECU_M365-CompteCompromis_V1,.ps1,SCRIPT_LIBRARY,CLOUD_M365OPS,REVIEW_LIBRARY,5046,CLASSIFY_SCRIPT_RISK,,
30_SCRIPTS.zip,SCRIPT_TEMPLATE_PS-Standard_V1.ps1,SCRIPT_TEMPLATE_PS-Standard_V1.ps1,SCRIPT_TEMPLATE_PS-Standard_V1,.ps1,SCRIPT_LIBRARY,SCRIPTS,REVIEW_LIBRARY,5894,CLASSIFY_SCRIPT_RISK,,
40_CHECKLISTS.zip,BUNDLE_CHECKLISTS_IT_V1.md,BUNDLE_CHECKLISTS_IT_V1.md,BUNDLE_CHECKLISTS_IT_V1,.md,BUNDLE,CHECKLISTS,REVIEW_CANONICAL,71577,NORMALIZE_AS_MANIFEST,,
40_CHECKLISTS.zip,CHECKLIST_BACKUP_DR-Readiness_V1.md,CHECKLIST_BACKUP_DR-Readiness_V1.md,CHECKLIST_BACKUP_DR-Readiness_V1,.md,CHECKLIST,BACKUPDROPS,REVIEW_LIBRARY,2220,MAP_TO_RUNBOOK_PHASE,,
40_CHECKLISTS.zip,CHECKLIST_CW_Closeout_V1.md,CHECKLIST_CW_Closeout_V1.md,CHECKLIST_CW_Closeout_V1,.md,CHECKLIST,SUPPORT_TICKETOPS,REVIEW_LIBRARY,325,MAP_TO_RUNBOOK_PHASE,,
40_CHECKLISTS.zip,CHECKLIST_CW_Kickoff-Ticket_V1.md,CHECKLIST_CW_Kickoff-Ticket_V1.md,CHECKLIST_CW_Kickoff-Ticket_V1,.md,CHECKLIST,SUPPORT_TICKETOPS,REVIEW_LIBRARY,413,MAP_TO_RUNBOOK_PHASE,,
40_CHECKLISTS.zip,CHECKLIST_INFRA_Azure-VM-Deployment_V1.md,CHECKLIST_INFRA_Azure-VM-Deployment_V1.md,CHECKLIST_INFRA_Azure-VM-Deployment_V1,.md,CHECKLIST,CLOUD_M365OPS,REVIEW_LIBRARY,4319,MAP_TO_RUNBOOK_PHASE,,
40_CHECKLISTS.zip,CHECKLIST_INFRA_M365-Configuration_V1.md,CHECKLIST_INFRA_M365-Configuration_V1.md,CHECKLIST_INFRA_M365-Configuration_V1,.md,CHECKLIST,CLOUD_M365OPS,REVIEW_LIBRARY,14319,MAP_TO_RUNBOOK_PHASE,,
40_CHECKLISTS.zip,CHECKLIST_MAINTENANCE_Postcheck-Generic_V1.md,CHECKLIST_MAINTENANCE_Postcheck-Generic_V1.md,CHECKLIST_MAINTENANCE_Postcheck-Generic_V1,.md,CHECKLIST,MAINT_SERVEROPS,REVIEW_LIBRARY,563,MAP_TO_RUNBOOK_PHASE,,
40_CHECKLISTS.zip,CHECKLIST_MAINTENANCE_Pre-Maintenance_V1.md,CHECKLIST_MAINTENANCE_Pre-Maintenance_V1.md,CHECKLIST_MAINTENANCE_Pre-Maintenance_V1,.md,CHECKLIST,MAINT_SERVEROPS,REVIEW_LIBRARY,2034,MAP_TO_RUNBOOK_PHASE,,
40_CHECKLISTS.zip,CHECKLIST_MAINTENANCE_Precheck-Generic_V1.md,CHECKLIST_MAINTENANCE_Precheck-Generic_V1.md,CHECKLIST_MAINTENANCE_Precheck-Generic_V1,.md,CHECKLIST,MAINT_SERVEROPS,REVIEW_LIBRARY,656,MAP_TO_RUNBOOK_PHASE,,
40_CHECKLISTS.zip,CHECKLIST_MASTER_Compliance-et-BestPractices_V1.md,CHECKLIST_MASTER_Compliance-et-BestPractices_V1.md,CHECKLIST_MASTER_Compliance-et-BestPractices_V1,.md,CHECKLIST,SECOPS,REVIEW_LIBRARY,2359,MAP_TO_RUNBOOK_PHASE,,
40_CHECKLISTS.zip,CHECKLIST_MASTER_Library-IT_V1.md,CHECKLIST_MASTER_Library-IT_V1.md,CHECKLIST_MASTER_Library-IT_V1,.md,CHECKLIST,CHECKLISTS,REVIEW_LIBRARY,28366,MAP_TO_RUNBOOK_PHASE,,
40_CHECKLISTS.zip,CHECKLIST_NOC_Shift-Handover_V1.md,CHECKLIST_NOC_Shift-Handover_V1.md,CHECKLIST_NOC_Shift-Handover_V1,.md,CHECKLIST,NOCOPS,REVIEW_LIBRARY,2016,MAP_TO_RUNBOOK_PHASE,,
40_CHECKLISTS.zip,CHECKLIST_REPORT_KPIs-MSP-Mensuels_V1.md,CHECKLIST_REPORT_KPIs-MSP-Mensuels_V1.md,CHECKLIST_REPORT_KPIs-MSP-Mensuels_V1,.md,CHECKLIST,CHECKLISTS,REVIEW_LIBRARY,1906,MAP_TO_RUNBOOK_PHASE,,
40_CHECKLISTS.zip,CHECKLIST_SECURITY_Hardening-et-Audit_V1.md,CHECKLIST_SECURITY_Hardening-et-Audit_V1.md,CHECKLIST_SECURITY_Hardening-et-Audit_V1,.md,CHECKLIST,SECOPS,REVIEW_LIBRARY,2788,MAP_TO_RUNBOOK_PHASE,,
40_CHECKLISTS.zip,CHECKLIST_SUPPORT_Intervention-Steps_V1.md,CHECKLIST_SUPPORT_Intervention-Steps_V1.md,CHECKLIST_SUPPORT_Intervention-Steps_V1,.md,CHECKLIST,SUPPORT_TICKETOPS,REVIEW_LIBRARY,2247,MAP_TO_RUNBOOK_PHASE,,
40_CHECKLISTS.zip,CHECKLIST__DR_Readiness.md,CHECKLIST__DR_Readiness.md,CHECKLIST__DR_Readiness,.md,CHECKLIST,BACKUPDROPS,REVIEW_LIBRARY,2220,MAP_TO_RUNBOOK_PHASE,,
40_CHECKLISTS.zip,CHECKLIST__KICKOFF_TICKET.md,CHECKLIST__KICKOFF_TICKET.md,CHECKLIST__KICKOFF_TICKET,.md,CHECKLIST,SUPPORT_TICKETOPS,REVIEW_LIBRARY,413,MAP_TO_RUNBOOK_PHASE,,
40_CHECKLISTS.zip,CHECKLIST__POSTCHECK_GENERIC.md,CHECKLIST__POSTCHECK_GENERIC.md,CHECKLIST__POSTCHECK_GENERIC,.md,CHECKLIST,CHECKLISTS,REVIEW_LIBRARY,404,MAP_TO_RUNBOOK_PHASE,,
40_CHECKLISTS.zip,CHECKLIST__PRECHECK_GENERIC.md,CHECKLIST__PRECHECK_GENERIC.md,CHECKLIST__PRECHECK_GENERIC,.md,CHECKLIST,CHECKLISTS,REVIEW_LIBRARY,497,MAP_TO_RUNBOOK_PHASE,,
40_CHECKLISTS.zip,CHECKLIST__Security.md,CHECKLIST__Security.md,CHECKLIST__Security,.md,CHECKLIST,SECOPS,REVIEW_LIBRARY,2788,MAP_TO_RUNBOOK_PHASE,,
90_KB.zip,KB-VEEAM-001_Probe-RMM-VMware.md,KB-VEEAM-001_Probe-RMM-VMware.md,KB-VEEAM-001_Probe-RMM-VMware,.md,KB_EXAMPLE,VIRTUALIZATIONOPS,REVIEW_LIBRARY,3586,MAP_AS_TEST_OR_KB,,Duplicate group size 2
90_KB.zip,KB-WU-001_Windows-Update-Missing-DC.md,KB-WU-001_Windows-Update-Missing-DC.md,KB-WU-001_Windows-Update-Missing-DC,.md,KB_EXAMPLE,UNCLASSIFIED,REVIEW_LIBRARY,4811,MAP_AS_TEST_OR_KB,,Duplicate group size 2
90_KB.zip,KB_DHCP_DIAG.md,KB_DHCP_DIAG.md,KB_DHCP_DIAG,.md,KB_EXAMPLE,NETWORKOPS,REVIEW_LIBRARY,22343,MAP_AS_TEST_OR_KB,,
[uploaded_root],INFRA-NET-Fortinet_Operations_V2(1).md,INFRA-NET-Fortinet_Operations_V2(1).md,INFRA-NET-Fortinet_Operations_V2,.md,RUNBOOK,NETWORKOPS,DUPLICATE_CANDIDATE,5136,ARCHIVE_OR_COMPARE,,
[uploaded_root],INFRA-NET-WatchGuard_Operations_V2(1).md,INFRA-NET-WatchGuard_Operations_V2(1).md,INFRA-NET-WatchGuard_Operations_V2,.md,RUNBOOK,NETWORKOPS,DUPLICATE_CANDIDATE,5641,ARCHIVE_OR_COMPARE,,
[uploaded_root],INFRA-NET-Unifi_Mikrotik_Operations_V1(1).md,INFRA-NET-Unifi_Mikrotik_Operations_V1(1).md,INFRA-NET-Unifi_Mikrotik_Operations_V1,.md,RUNBOOK,NETWORKOPS,DUPLICATE_CANDIDATE,5647,ARCHIVE_OR_COMPARE,,
[uploaded_root],INFRA-NET-NetworkDiagnostic_V2(1).md,INFRA-NET-NetworkDiagnostic_V2(1).md,INFRA-NET-NetworkDiagnostic_V2,.md,RUNBOOK,NETWORKOPS,DUPLICATE_CANDIDATE,1712,ARCHIVE_OR_COMPARE,,
[uploaded_root],INFRA-VOIP-Diagnostic_V2(1).md,INFRA-VOIP-Diagnostic_V2(1).md,INFRA-VOIP-Diagnostic_V2,.md,RUNBOOK,NETWORKOPS,DUPLICATE_CANDIDATE,979,ARCHIVE_OR_COMPARE,,
[uploaded_root],INFRA-NET-Meraki_Operations_V2(1).md,INFRA-NET-Meraki_Operations_V2(1).md,INFRA-NET-Meraki_Operations_V2,.md,RUNBOOK,NETWORKOPS,DUPLICATE_CANDIDATE,5514,ARCHIVE_OR_COMPARE,,
[uploaded_root],INFRA-NET-SonicWall_Operations_V2(1).md,INFRA-NET-SonicWall_Operations_V2(1).md,INFRA-NET-SonicWall_Operations_V2,.md,RUNBOOK,NETWORKOPS,DUPLICATE_CANDIDATE,4685,ARCHIVE_OR_COMPARE,,
[uploaded_root],INFRA-NET-NetworkSetup_V1(1).md,INFRA-NET-NetworkSetup_V1(1).md,INFRA-NET-NetworkSetup_V1,.md,RUNBOOK,NETWORKOPS,DUPLICATE_CANDIDATE,1622,ARCHIVE_OR_COMPARE,,
[uploaded_root],GUARDRAILS__IT_AGENTS_MASTER(2).md,GUARDRAILS__IT_AGENTS_MASTER(2).md,GUARDRAILS__IT_AGENTS_MASTER,.md,POLICY_GUARDRAIL,CORE_GUARDRAILS,DUPLICATE_CANDIDATE,17260,ARCHIVE_OR_COMPARE,,
[uploaded_root],INFRA-AD-DC_Operations_V3(1).md,INFRA-AD-DC_Operations_V3(1).md,INFRA-AD-DC_Operations_V3,.md,RUNBOOK,DIRECTORYOPS,DUPLICATE_CANDIDATE,11658,ARCHIVE_OR_COMPARE,,Duplicate group size 2
[uploaded_root],INFRA-BACKUP-Veeam_Operations_V2.md,INFRA-BACKUP-Veeam_Operations_V2.md,INFRA-BACKUP-Veeam_Operations_V2,.md,RUNBOOK,BACKUPDROPS,REVIEW_CANONICAL,11794,CREATE_RUNBOOK_CARD,,
[uploaded_root],INFRA-M365-Teams_SharePoint_OneDrive_V2(1).md,INFRA-M365-Teams_SharePoint_OneDrive_V2(1).md,INFRA-M365-Teams_SharePoint_OneDrive_V2,.md,RUNBOOK,CLOUD_M365OPS,DUPLICATE_CANDIDATE,6914,ARCHIVE_OR_COMPARE,,Duplicate group size 2
[uploaded_root],INFRA-SRV-RDS_Operations_V2.md,INFRA-SRV-RDS_Operations_V2.md,INFRA-SRV-RDS_Operations_V2,.md,RUNBOOK,UNCLASSIFIED,REVIEW_CANONICAL,7778,CREATE_RUNBOOK_CARD,,
[uploaded_root],INFRA-SRV-HealthCheck_Template_V1.md,INFRA-SRV-HealthCheck_Template_V1.md,INFRA-SRV-HealthCheck_Template_V1,.md,RUNBOOK,UNCLASSIFIED,REVIEW_CANONICAL,8002,CREATE_RUNBOOK_CARD,,
[uploaded_root],INFRA-SRV-VMware_Operations_V2.md,INFRA-SRV-VMware_Operations_V2.md,INFRA-SRV-VMware_Operations_V2,.md,RUNBOOK,VIRTUALIZATIONOPS,REVIEW_CANONICAL,6616,CREATE_RUNBOOK_CARD,,
[uploaded_root],INFRA-SRV-HyperV_Operations_V2.md,INFRA-SRV-HyperV_Operations_V2.md,INFRA-SRV-HyperV_Operations_V2,.md,RUNBOOK,VIRTUALIZATIONOPS,REVIEW_CANONICAL,6613,CREATE_RUNBOOK_CARD,,
[uploaded_root],INFRA-AD-UserManagement_V2(1).md,INFRA-AD-UserManagement_V2(1).md,INFRA-AD-UserManagement_V2,.md,RUNBOOK,DIRECTORYOPS,DUPLICATE_CANDIDATE,6266,ARCHIVE_OR_COMPARE,,Duplicate group size 2
[uploaded_root],INFRA-OPS-QuickStart_V1.md,INFRA-OPS-QuickStart_V1.md,INFRA-OPS-QuickStart_V1,.md,RUNBOOK,UNCLASSIFIED,REVIEW_CANONICAL,6451,CREATE_RUNBOOK_CARD,,
[uploaded_root],INFRA-SRV-XCPng_Operations_V1.md,INFRA-SRV-XCPng_Operations_V1.md,INFRA-SRV-XCPng_Operations_V1,.md,RUNBOOK,VIRTUALIZATIONOPS,REVIEW_CANONICAL,6053,CREATE_RUNBOOK_CARD,,
[uploaded_root],INFRA-AD-EntraID_Operations_V2(1).md,INFRA-AD-EntraID_Operations_V2(1).md,INFRA-AD-EntraID_Operations_V2,.md,RUNBOOK,CLOUD_M365OPS,DUPLICATE_CANDIDATE,6047,ARCHIVE_OR_COMPARE,,Duplicate group size 2
[uploaded_root],INFRA-M365-Exchange_Online_V2(1).md,INFRA-M365-Exchange_Online_V2(1).md,INFRA-M365-Exchange_Online_V2,.md,RUNBOOK,CLOUD_M365OPS,DUPLICATE_CANDIDATE,6009,ARCHIVE_OR_COMPARE,,Duplicate group size 2
[uploaded_root],INFRA-M365-Intune_Devices_V2.md,INFRA-M365-Intune_Devices_V2.md,INFRA-M365-Intune_Devices_V2,.md,RUNBOOK,CLOUD_M365OPS,REVIEW_CANONICAL,5506,CREATE_RUNBOOK_CARD,,
[uploaded_root],INFRA-M365-UserManagement_V2(1).md,INFRA-M365-UserManagement_V2(1).md,INFRA-M365-UserManagement_V2,.md,RUNBOOK,CLOUD_M365OPS,DUPLICATE_CANDIDATE,1778,ARCHIVE_OR_COMPARE,,Duplicate group size 2
[uploaded_root],INFRA-CLOUD-Architecture_Review_V2.md,INFRA-CLOUD-Architecture_Review_V2.md,INFRA-CLOUD-Architecture_Review_V2,.md,RUNBOOK,CLOUD_M365OPS,REVIEW_CANONICAL,1850,CREATE_RUNBOOK_CARD,,
[uploaded_root],INFRA-SRV-SQL_PrePost_Validation_V2.md,INFRA-SRV-SQL_PrePost_Validation_V2.md,INFRA-SRV-SQL_PrePost_Validation_V2,.md,RUNBOOK,UNCLASSIFIED,REVIEW_CANONICAL,1764,CREATE_RUNBOOK_CARD,,
[uploaded_root],INFRA-M365-UserOnboarding_V2(1).md,INFRA-M365-UserOnboarding_V2(1).md,INFRA-M365-UserOnboarding_V2,.md,RUNBOOK,CLOUD_M365OPS,DUPLICATE_CANDIDATE,1401,ARCHIVE_OR_COMPARE,,Duplicate group size 2
[uploaded_root],INFRA-AD-DC_PrePost_Validation_V2.md,INFRA-AD-DC_PrePost_Validation_V2.md,INFRA-AD-DC_PrePost_Validation_V2,.md,RUNBOOK,DIRECTORYOPS,REVIEW_CANONICAL,1352,CREATE_RUNBOOK_CARD,,
[uploaded_root],MAINT-WIN-Patching_Complet_V3(1).md,MAINT-WIN-Patching_Complet_V3(1).md,MAINT-WIN-Patching_Complet_V3,.md,RUNBOOK,MAINT_SERVEROPS,DUPLICATE_CANDIDATE,35187,ARCHIVE_OR_COMPARE,,Duplicate group size 2
[uploaded_root],MAINT-WIN-PendingReboot_V2(1).md,MAINT-WIN-PendingReboot_V2(1).md,MAINT-WIN-PendingReboot_V2,.md,RUNBOOK,MAINT_SERVEROPS,DUPLICATE_CANDIDATE,31035,ARCHIVE_OR_COMPARE,,Duplicate group size 2
[uploaded_root],MAINT-WIN-Patching_CW-RMM_V3(1).md,MAINT-WIN-Patching_CW-RMM_V3(1).md,MAINT-WIN-Patching_CW-RMM_V3,.md,RUNBOOK,MAINT_SERVEROPS,DUPLICATE_CANDIDATE,22588,ARCHIVE_OR_COMPARE,,Duplicate group size 2
[uploaded_root],MAINT-SRV-AuditTrimestriel_V2(2).md,MAINT-SRV-AuditTrimestriel_V2(2).md,MAINT-SRV-AuditTrimestriel_V2,.md,RUNBOOK,MAINT_SERVEROPS,DUPLICATE_CANDIDATE,12135,ARCHIVE_OR_COMPARE,,Duplicate group size 2
[uploaded_root],MAINT-WIN-WSUS_Maintenance_V2.md,MAINT-WIN-WSUS_Maintenance_V2.md,MAINT-WIN-WSUS_Maintenance_V2,.md,RUNBOOK,MAINT_SERVEROPS,REVIEW_CANONICAL,7397,CREATE_RUNBOOK_CARD,,
[uploaded_root],MAINT-SRV-HealthCheck_V2(1).md,MAINT-SRV-HealthCheck_V2(1).md,MAINT-SRV-HealthCheck_V2,.md,RUNBOOK,MAINT_SERVEROPS,DUPLICATE_CANDIDATE,6251,ARCHIVE_OR_COMPARE,,Duplicate group size 2
[uploaded_root],MAINT-OPS-CMDB_AssetAudit_V1.md,MAINT-OPS-CMDB_AssetAudit_V1.md,MAINT-OPS-CMDB_AssetAudit_V1,.md,RUNBOOK,MAINT_SERVEROPS,REVIEW_CANONICAL,5322,CREATE_RUNBOOK_CARD,,
[uploaded_root],MAINT-SRV-PrintServer_PrePost_V1(1).md,MAINT-SRV-PrintServer_PrePost_V1(1).md,MAINT-SRV-PrintServer_PrePost_V1,.md,RUNBOOK,MAINT_SERVEROPS,DUPLICATE_CANDIDATE,1113,ARCHIVE_OR_COMPARE,,Duplicate group size 2
[uploaded_root],MAINT-SRV-PostShutdown_Electrical_V2(1).md,MAINT-SRV-PostShutdown_Electrical_V2(1).md,MAINT-SRV-PostShutdown_Electrical_V2,.md,RUNBOOK,MAINT_SERVEROPS,DUPLICATE_CANDIDATE,2213,ARCHIVE_OR_COMPARE,,Duplicate group size 2
[uploaded_root],NOC-BACKUP-Veeam_Operations_V2.md,NOC-BACKUP-Veeam_Operations_V2.md,NOC-BACKUP-Veeam_Operations_V2,.md,RUNBOOK,NOCOPS,REVIEW_CANONICAL,10138,CREATE_RUNBOOK_CARD,,
[uploaded_root],NOC-BACKUP-DR_Plan_Validation_V2.md,NOC-BACKUP-DR_Plan_Validation_V2.md,NOC-BACKUP-DR_Plan_Validation_V2,.md,RUNBOOK,NOCOPS,REVIEW_CANONICAL,6927,CREATE_RUNBOOK_CARD,,
[uploaded_root],NOC-BACKUP-Datto_Operations_V2.md,NOC-BACKUP-Datto_Operations_V2.md,NOC-BACKUP-Datto_Operations_V2,.md,RUNBOOK,NOCOPS,REVIEW_CANONICAL,6623,CREATE_RUNBOOK_CARD,,
[uploaded_root],NOC-RMM-CWRMM_Auvik_Operations_V2.md,NOC-RMM-CWRMM_Auvik_Operations_V2.md,NOC-RMM-CWRMM_Auvik_Operations_V2,.md,RUNBOOK,NOCOPS,REVIEW_CANONICAL,5829,CREATE_RUNBOOK_CARD,,
[uploaded_root],NOC-BACKUP-Veeam_Cloud_V2.md,NOC-BACKUP-Veeam_Cloud_V2.md,NOC-BACKUP-Veeam_Cloud_V2,.md,RUNBOOK,CLOUD_M365OPS,REVIEW_CANONICAL,4254,CREATE_RUNBOOK_CARD,,
[uploaded_root],NOC-BACKUP-Keepit_Operations_V2.md,NOC-BACKUP-Keepit_Operations_V2.md,NOC-BACKUP-Keepit_Operations_V2,.md,RUNBOOK,NOCOPS,REVIEW_CANONICAL,4268,CREATE_RUNBOOK_CARD,,
[uploaded_root],NOC-RMM-NAble_Operations_V2.md,NOC-RMM-NAble_Operations_V2.md,NOC-RMM-NAble_Operations_V2,.md,RUNBOOK,NOCOPS,REVIEW_CANONICAL,4082,CREATE_RUNBOOK_CARD,,
[uploaded_root],NOC-BACKUP-Backup_Configuration_V2.md,NOC-BACKUP-Backup_Configuration_V2.md,NOC-BACKUP-Backup_Configuration_V2,.md,RUNBOOK,NOCOPS,REVIEW_CANONICAL,2167,CREATE_RUNBOOK_CARD,,
[uploaded_root],NOC-OPS-Dispatch_V2.md,NOC-OPS-Dispatch_V2.md,NOC-OPS-Dispatch_V2,.md,RUNBOOK,MAINT_SERVEROPS,REVIEW_CANONICAL,1445,CREATE_RUNBOOK_CARD,,
[uploaded_root],NOC-OPS-IncidentCommand_V2.md,NOC-OPS-IncidentCommand_V2.md,NOC-OPS-IncidentCommand_V2,.md,RUNBOOK,NOCOPS,REVIEW_CANONICAL,1544,CREATE_RUNBOOK_CARD,,
[uploaded_root],NOC-BACKUP-DR_Test_V2.md,NOC-BACKUP-DR_Test_V2.md,NOC-BACKUP-DR_Test_V2,.md,RUNBOOK,NOCOPS,REVIEW_CANONICAL,1439,CREATE_RUNBOOK_CARD,,
[uploaded_root],NOC-OPS-FrontDoor_V2.md,NOC-OPS-FrontDoor_V2.md,NOC-OPS-FrontDoor_V2,.md,RUNBOOK,NOCOPS,REVIEW_CANONICAL,1389,CREATE_RUNBOOK_CARD,,
[uploaded_root],NOC-OPS-CommandCenter_V2.md,NOC-OPS-CommandCenter_V2.md,NOC-OPS-CommandCenter_V2,.md,RUNBOOK,NOCOPS,REVIEW_CANONICAL,1327,CREATE_RUNBOOK_CARD,,
[uploaded_root],SUP-NET-VPN_Troubleshooting_V2(2).md,SUP-NET-VPN_Troubleshooting_V2(2).md,SUP-NET-VPN_Troubleshooting_V2,.md,RUNBOOK,SUPPORT_TICKETOPS,DUPLICATE_CANDIDATE,6812,ARCHIVE_OR_COMPARE,,Duplicate group size 3
[uploaded_root],SUP-N1N2-SupportTriage_V2.md,SUP-N1N2-SupportTriage_V2.md,SUP-N1N2-SupportTriage_V2,.md,RUNBOOK,SUPPORT_TICKETOPS,REVIEW_CANONICAL,5504,CREATE_RUNBOOK_CARD,,
[uploaded_root],SUP-OPS-TicketToKB_V2.md,SUP-OPS-TicketToKB_V2.md,SUP-OPS-TicketToKB_V2,.md,RUNBOOK,SUPPORT_TICKETOPS,REVIEW_CANONICAL,4414,CREATE_RUNBOOK_CARD,,
[uploaded_root],SUP-M365-OneDrive_SharePoint_Sync_V2(2).md,SUP-M365-OneDrive_SharePoint_Sync_V2(2).md,SUP-M365-OneDrive_SharePoint_Sync_V2,.md,RUNBOOK,SUPPORT_TICKETOPS,DUPLICATE_CANDIDATE,6046,ARCHIVE_OR_COMPARE,,Duplicate group size 3
[uploaded_root],SUP-OPS-CW_Dispatch_V2.md,SUP-OPS-CW_Dispatch_V2.md,SUP-OPS-CW_Dispatch_V2,.md,RUNBOOK,SUPPORT_TICKETOPS,REVIEW_CANONICAL,2226,CREATE_RUNBOOK_CARD,,
[uploaded_root],SUP-OPS-CommandareTech_V1.md,SUP-OPS-CommandareTech_V1.md,SUP-OPS-CommandareTech_V1,.md,RUNBOOK,SUPPORT_TICKETOPS,REVIEW_CANONICAL,1800,CREATE_RUNBOOK_CARD,,
[uploaded_root],SUP-OPS-CommandareOPR_V1.md,SUP-OPS-CommandareOPR_V1.md,SUP-OPS-CommandareOPR_V1,.md,RUNBOOK,SUPPORT_TICKETOPS,REVIEW_CANONICAL,1399,CREATE_RUNBOOK_CARD,,
[uploaded_root],RUNBOOK__DC_PATCHING_PRECHECK(1).md,RUNBOOK__DC_PATCHING_PRECHECK(1).md,RUNBOOK__DC_PATCHING_PRECHECK,.md,RUNBOOK,MAINT_SERVEROPS,DUPLICATE_CANDIDATE,4757,ARCHIVE_OR_COMPARE,,
[uploaded_root],OPR-ClientCommunication-Cadence_V1.md,OPR-ClientCommunication-Cadence_V1.md,OPR-ClientCommunication-Cadence_V1,.md,RUNBOOK,OPROPS,REVIEW_CANONICAL,155,CREATE_RUNBOOK_CARD,,
[uploaded_root],OPR-CW-TicketQualityAudit_V1.md,OPR-CW-TicketQualityAudit_V1.md,OPR-CW-TicketQualityAudit_V1,.md,RUNBOOK,SUPPORT_TICKETOPS,REVIEW_CANONICAL,307,CREATE_RUNBOOK_CARD,,
[uploaded_root],OPR-PostIncident-Review-P1P2_V1.md,OPR-PostIncident-Review-P1P2_V1.md,OPR-PostIncident-Review-P1P2_V1,.md,RUNBOOK,SECOPS,REVIEW_CANONICAL,155,CREATE_RUNBOOK_CARD,,
[uploaded_root],OPR-SLA-BreachPrevention_V1.md,OPR-SLA-BreachPrevention_V1.md,OPR-SLA-BreachPrevention_V1,.md,RUNBOOK,OPROPS,REVIEW_CANONICAL,155,CREATE_RUNBOOK_CARD,,
[uploaded_root],OPR-ProblemManagement-CAPA_V1.md,OPR-ProblemManagement-CAPA_V1.md,OPR-ProblemManagement-CAPA_V1,.md,RUNBOOK,OPROPS,REVIEW_CANONICAL,155,CREATE_RUNBOOK_CARD,,
[uploaded_root],INFRA-M365-UserOnboarding_V2.md,INFRA-M365-UserOnboarding_V2.md,INFRA-M365-UserOnboarding_V2,.md,RUNBOOK,CLOUD_M365OPS,DUPLICATE_GROUP_REVIEW,1401,SELECT_CANONICAL,,Duplicate group size 2
[uploaded_root],RUNBOOK__SERVER_ROLE_DISCOVERY(2).md,RUNBOOK__SERVER_ROLE_DISCOVERY(2).md,RUNBOOK__SERVER_ROLE_DISCOVERY,.md,RUNBOOK,UNCLASSIFIED,DUPLICATE_CANDIDATE,4896,ARCHIVE_OR_COMPARE,,
[uploaded_root],INFRA-AD-DC_Operations_V3.md,INFRA-AD-DC_Operations_V3.md,INFRA-AD-DC_Operations_V3,.md,RUNBOOK,DIRECTORYOPS,DUPLICATE_GROUP_REVIEW,11658,SELECT_CANONICAL,,Duplicate group size 2
[uploaded_root],INFRA-M365-Teams_SharePoint_OneDrive_V2.md,INFRA-M365-Teams_SharePoint_OneDrive_V2.md,INFRA-M365-Teams_SharePoint_OneDrive_V2,.md,RUNBOOK,CLOUD_M365OPS,DUPLICATE_GROUP_REVIEW,6914,SELECT_CANONICAL,,Duplicate group size 2
[uploaded_root],INFRA-AD-UserManagement_V2.md,INFRA-AD-UserManagement_V2.md,INFRA-AD-UserManagement_V2,.md,RUNBOOK,DIRECTORYOPS,DUPLICATE_GROUP_REVIEW,6266,SELECT_CANONICAL,,Duplicate group size 2
[uploaded_root],INFRA-AD-EntraID_Operations_V2.md,INFRA-AD-EntraID_Operations_V2.md,INFRA-AD-EntraID_Operations_V2,.md,RUNBOOK,CLOUD_M365OPS,DUPLICATE_GROUP_REVIEW,6047,SELECT_CANONICAL,,Duplicate group size 2
[uploaded_root],INFRA-M365-Exchange_Online_V2.md,INFRA-M365-Exchange_Online_V2.md,INFRA-M365-Exchange_Online_V2,.md,RUNBOOK,CLOUD_M365OPS,DUPLICATE_GROUP_REVIEW,6009,SELECT_CANONICAL,,Duplicate group size 2
[uploaded_root],SUP-M365-OneDrive_SharePoint_Sync_V2(1).md,SUP-M365-OneDrive_SharePoint_Sync_V2(1).md,SUP-M365-OneDrive_SharePoint_Sync_V2,.md,RUNBOOK,SUPPORT_TICKETOPS,DUPLICATE_CANDIDATE,6046,ARCHIVE_OR_COMPARE,,Duplicate group size 3
[uploaded_root],SUP-OPS-CW_InterventionLive_Close_V2(2).md,SUP-OPS-CW_InterventionLive_Close_V2(2).md,SUP-OPS-CW_InterventionLive_Close_V2,.md,RUNBOOK,SUPPORT_TICKETOPS,DUPLICATE_CANDIDATE,12364,ARCHIVE_OR_COMPARE,,Duplicate group size 2
[uploaded_root],SUP-N2-Support_V2(1).md,SUP-N2-Support_V2(1).md,SUP-N2-Support_V2,.md,RUNBOOK,SUPPORT_TICKETOPS,DUPLICATE_CANDIDATE,18325,ARCHIVE_OR_COMPARE,,Duplicate group size 2
[uploaded_root],SUP-NET-VPN_Troubleshooting_V2(1).md,SUP-NET-VPN_Troubleshooting_V2(1).md,SUP-NET-VPN_Troubleshooting_V2,.md,RUNBOOK,SUPPORT_TICKETOPS,DUPLICATE_CANDIDATE,6812,ARCHIVE_OR_COMPARE,,Duplicate group size 3
[uploaded_root],MAINT-SRV-PrintServer_PrePost_V1.md,MAINT-SRV-PrintServer_PrePost_V1.md,MAINT-SRV-PrintServer_PrePost_V1,.md,RUNBOOK,MAINT_SERVEROPS,DUPLICATE_GROUP_REVIEW,1113,SELECT_CANONICAL,,Duplicate group size 2
[uploaded_root],MAINT-SRV-HealthCheck_V2.md,MAINT-SRV-HealthCheck_V2.md,MAINT-SRV-HealthCheck_V2,.md,RUNBOOK,MAINT_SERVEROPS,DUPLICATE_GROUP_REVIEW,6251,SELECT_CANONICAL,,Duplicate group size 2
[uploaded_root],INFRA-M365-UserManagement_V2.md,INFRA-M365-UserManagement_V2.md,INFRA-M365-UserManagement_V2,.md,RUNBOOK,CLOUD_M365OPS,DUPLICATE_GROUP_REVIEW,1778,SELECT_CANONICAL,,Duplicate group size 2
[uploaded_root],MAINT-WIN-Patching_CW-RMM_V3.md,MAINT-WIN-Patching_CW-RMM_V3.md,MAINT-WIN-Patching_CW-RMM_V3,.md,RUNBOOK,MAINT_SERVEROPS,DUPLICATE_GROUP_REVIEW,22588,SELECT_CANONICAL,,Duplicate group size 2
[uploaded_root],MAINT-SRV-PostShutdown_Electrical_V2.md,MAINT-SRV-PostShutdown_Electrical_V2.md,MAINT-SRV-PostShutdown_Electrical_V2,.md,RUNBOOK,MAINT_SERVEROPS,DUPLICATE_GROUP_REVIEW,2213,SELECT_CANONICAL,,Duplicate group size 2
[uploaded_root],MAINT-SRV-AuditTrimestriel_V2(1).md,MAINT-SRV-AuditTrimestriel_V2(1).md,MAINT-SRV-AuditTrimestriel_V2,.md,RUNBOOK,MAINT_SERVEROPS,DUPLICATE_CANDIDATE,12135,ARCHIVE_OR_COMPARE,,Duplicate group size 2
[uploaded_root],MAINT-WIN-PendingReboot_V2.md,MAINT-WIN-PendingReboot_V2.md,MAINT-WIN-PendingReboot_V2,.md,RUNBOOK,MAINT_SERVEROPS,DUPLICATE_GROUP_REVIEW,31035,SELECT_CANONICAL,,Duplicate group size 2
[uploaded_root],MAINT-WIN-Patching_Complet_V3.md,MAINT-WIN-Patching_Complet_V3.md,MAINT-WIN-Patching_Complet_V3,.md,RUNBOOK,MAINT_SERVEROPS,DUPLICATE_GROUP_REVIEW,35187,SELECT_CANONICAL,,Duplicate group size 2
[uploaded_root],SUP-N2-Support_V2.md,SUP-N2-Support_V2.md,SUP-N2-Support_V2,.md,RUNBOOK,SUPPORT_TICKETOPS,DUPLICATE_GROUP_REVIEW,18325,SELECT_CANONICAL,,Duplicate group size 2
[uploaded_root],SUP-M365-OneDrive_SharePoint_Sync_V2.md,SUP-M365-OneDrive_SharePoint_Sync_V2.md,SUP-M365-OneDrive_SharePoint_Sync_V2,.md,RUNBOOK,SUPPORT_TICKETOPS,DUPLICATE_GROUP_REVIEW,6046,SELECT_CANONICAL,,Duplicate group size 3
[uploaded_root],SUP-OPS-CW_InterventionLive_Close_V2(1).md,SUP-OPS-CW_InterventionLive_Close_V2(1).md,SUP-OPS-CW_InterventionLive_Close_V2,.md,RUNBOOK,SUPPORT_TICKETOPS,DUPLICATE_CANDIDATE,12364,ARCHIVE_OR_COMPARE,,Duplicate group size 2
[uploaded_root],SUP-NET-VPN_Troubleshooting_V2.md,SUP-NET-VPN_Troubleshooting_V2.md,SUP-NET-VPN_Troubleshooting_V2,.md,RUNBOOK,SUPPORT_TICKETOPS,DUPLICATE_GROUP_REVIEW,6812,SELECT_CANONICAL,,Duplicate group size 3
[uploaded_root],SEC-SECU-SecurityAudit_V2.md,SEC-SECU-SecurityAudit_V2.md,SEC-SECU-SecurityAudit_V2,.md,RUNBOOK,SECOPS,REVIEW_CANONICAL,6616,CREATE_RUNBOOK_CARD,,
[uploaded_root],SEC-SECU-AlertResponse_V2.md,SEC-SECU-AlertResponse_V2.md,SEC-SECU-AlertResponse_V2,.md,RUNBOOK,SECOPS,REVIEW_CANONICAL,7012,CREATE_RUNBOOK_CARD,,
[uploaded_root],SEC-M365-Compliance_Purview_V2.md,SEC-M365-Compliance_Purview_V2.md,SEC-M365-Compliance_Purview_V2,.md,RUNBOOK,CLOUD_M365OPS,REVIEW_CANONICAL,5284,CREATE_RUNBOOK_CARD,,
[uploaded_root],SEC-SECU-IncidentResponse_V3.md,SEC-SECU-IncidentResponse_V3.md,SEC-SECU-IncidentResponse_V3,.md,RUNBOOK,SECOPS,REVIEW_CANONICAL,7557,CREATE_RUNBOOK_CARD,,
